Date Time,Actual,Forecasted,Residual
2024-09-02 06:40:00,206.5500030517578,208.41333683707214,-1.8633337853143246
2024-09-02 06:50:00,206.6500015258789,208.7330201634257,-2.083018637546786
2024-09-02 07:00:00,206.6500015258789,208.98597417722254,-2.3359726513436385
2024-09-02 07:10:00,207.0,209.18690964911292,-2.18690964911292
2024-09-02 07:20:00,210.3499984741211,209.3465403594068,1.0034581147143058
2024-09-02 07:30:00,211.5,209.47335735604122,2.0266426439587804
2024-09-02 07:40:00,212.6999969482422,209.57410583834726,3.1258911098949227
2024-09-02 07:50:00,212.8000030517578,209.6541444528517,3.145858598906102
2024-09-02 08:00:00,212.1500015258789,209.71773032199317,2.4322712038857333
2024-09-02 08:10:00,208.9000015258789,209.76824547370478,-0.8682439478258743
2024-09-02 08:20:00,208.5500030517578,209.80837672592955,-1.258373674171736
2024-09-02 08:30:00,208.0,209.84025859405347,-1.8402585940534664
2024-09-02 08:40:00,207.5999984741211,209.86558682227263,-2.265588348151539
2024-09-02 08:50:00,207.8000030517578,209.8857085774417,-2.085705525683892
2024-09-02 09:00:00,209.4000015258789,209.901694102666,-0.501692576787093
2024-09-02 09:10:00,210.25,209.91439364177427,0.33560635822573204
2024-09-02 09:20:00,211.6999969482422,209.92448266239134,1.7755142858508464
2024-09-02 09:30:00,211.54999542236328,209.93249778295151,1.6174976394117664
2024-09-02 09:40:00,210.6999969482422,209.93886531455172,0.7611316336904679
2024-09-02 09:50:00,211.0500030517578,209.9439239357384,1.1060791160194015
2024-09-02 10:00:00,211.8499984741211,209.94794270626318,1.9020557678579166
2024-09-02 10:10:00,212.6500015258789,209.95113537792898,2.6988661479499285
2024-09-02 10:20:00,212.8999938964844,209.9536717636974,2.946322132787003
2024-09-02 10:30:00,213.0500030517578,209.95568676976117,3.0943162819966403
2024-09-02 10:40:00,212.1999969482422,209.95728757098297,2.2427093772592173
2024-09-02 10:50:00,212.1500015258789,209.9585593113503,2.1914422145285926
2024-09-02 11:00:00,213.1999969482422,209.95956963264436,3.2404273155978274
2024-09-02 11:10:00,213.0999984741211,209.96037227219517,3.139626201925921
2024-09-02 11:20:00,212.0,209.96100992108205,2.038990078917948
2024-09-02 11:30:00,212.45000457763672,209.96151649480188,2.4884880828348344
2024-09-02 11:40:00,212.54999542236328,209.96191893717872,2.5880764851845584
2024-09-02 11:50:00,214.5999984741211,209.96223865346153,4.637759820659568
2024-09-02 12:00:00,215.5,209.96249264883423,5.537507351165772
2024-09-02 12:10:00,212.9000015258789,209.96269443289347,2.937307092985435
2024-09-02 12:20:00,211.8999938964844,209.9628547382019,1.9371391582824913
2024-09-02 12:30:00,211.75,209.96298209113561,1.7870179088643852
2024-09-02 12:40:00,212.8500061035156,209.9630832653879,2.8869228381277026
2024-09-02 12:50:00,212.6500015258789,209.96316364225106,2.6868378836278453
2024-09-02 13:00:00,213.1999969482422,209.96322749683844,3.2367694514037453
2024-09-02 13:10:00,212.9000015258789,209.96327822547065,2.9367233004082607
2024-09-02 13:20:00,210.95000457763672,209.96331852632028,0.9866860513164397
2024-09-02 13:30:00,212.8000030517578,209.96335054292337,2.8366525088344474
2024-09-02 13:40:00,213.95000457763672,209.9633759781904,3.9866285994463055
2024-09-02 13:50:00,214.1999969482422,209.9633961849815,4.236600763260697
2024-09-02 14:00:00,213.0,209.96341223806263,3.036587761937369
2024-09-02 14:10:00,211.5,209.96342499127087,1.5365750087291303
2024-09-02 14:20:00,212.25,209.9634351229284,2.286564877071612
2024-09-02 14:30:00,212.04999542236328,209.9634431719214,2.0865522504418834
2024-09-02 14:40:00,212.0,209.9634495663626,2.0365504336373874
2024-09-02 14:50:00,211.54999542236328,209.96345464636187,1.5865407760014136
2024-09-02 15:00:00,210.6999969482422,209.963458682116,0.736538266126189
2024-09-02 15:10:00,210.75,209.9634618882801,0.7865381117198922
2024-09-02 15:20:00,211.3000030517578,209.96346443538482,1.3365386163729909
2024-09-02 15:30:00,211.6500015258789,209.96346645890645,1.6865350669724535
2024-09-02 15:40:00,211.70000457763672,209.96346806647276,1.736536511163962
2024-09-02 15:50:00,209.6999969482422,209.96346934358758,-0.2634723953453886
2024-09-02 16:00:00,209.3500061035156,209.96347035817857,-0.613464254662972
2024-09-02 16:10:00,210.6999969482422,209.96347116421012,0.736525784032068
2024-09-02 16:20:00,211.3000030517578,209.96347180455376,1.33653124720405
2024-09-02 16:30:00,211.3499984741211,209.96347231326828,1.38652616085281
2024-09-02 16:40:00,210.1999969482422,209.9634727174114,0.23652423083078133
2024-09-02 16:50:00,210.0500030517578,209.96347303847884,0.08653001327897414
2024-09-02 17:00:00,209.0999984741211,209.96347329354762,-0.8634748194265285
2024-09-02 17:10:00,209.0500030517578,209.96347349618443,-0.913470444426622
2024-09-02 17:20:00,208.95000457763672,209.9634736571672,-1.0134690795304948
2024-09-02 17:30:00,208.6500015258789,209.96347378505834,-1.3134722591794343
2024-09-02 17:40:00,208.45000457763672,209.96347388666015,-1.513469309023435
2024-09-02 17:50:00,208.8000030517578,209.9634739673767,-1.1634709156188876
2024-09-02 18:00:00,210.4499969482422,209.96347403150114,0.48652291674105186
2024-09-02 18:10:00,209.6999969482422,209.96347408244415,-0.2634771342019633
2024-09-02 18:20:00,209.04999542236328,209.9634741229153,-0.9134787005520195
2024-09-02 18:30:00,208.5500030517578,209.96347415506722,-1.413471103309405
2024-09-02 18:40:00,207.5999984741211,209.96347418060998,-2.3634757064888845
2024-09-02 18:50:00,209.4499969482422,209.96347420090217,-0.5134772526599818
2024-09-02 19:00:00,210.1999969482422,209.9634742170231,0.23652273121908252
2024-09-02 19:10:00,210.1999969482422,209.9634742298302,0.23652271841197603
2024-09-02 19:20:00,210.0,209.96347424000467,0.036525759995328144
2024-09-02 19:30:00,210.3499984741211,209.9634742480877,0.3865242260334014
2024-09-02 19:40:00,211.0999984741211,209.96347425450915,1.1365242196119425
2024-09-02 19:50:00,209.6999969482422,209.96347425961062,-0.2634773113684332
2024-09-02 20:00:00,209.8000030517578,209.96347426366344,-0.1634712119056303
2024-09-02 20:10:00,210.1999969482422,209.96347426688317,0.23652268135901977
2024-09-02 20:20:00,210.9000015258789,209.96347426944104,0.9365272564378699
2024-09-02 20:30:00,210.0500030517578,209.9634742714731,0.08652878028470923
2024-09-02 20:40:00,209.1500015258789,209.96347427308746,-0.8134727472085501
2024-09-02 20:50:00,208.5999984741211,209.96347427436996,-1.3634758002488638
2024-09-02 21:00:00,209.0,209.96347427538885,-0.9634742753888474
2024-09-02 21:10:00,209.4499969482422,209.9634742761983,-0.5134773279561102
2024-09-02 21:20:00,210.9000015258789,209.96347427684134,0.9365272490375673
2024-09-02 21:30:00,210.25,209.9634742773522,0.2865257226478093
2024-09-02 21:40:00,208.4499969482422,209.96347427775805,-1.5134773295158652
2024-09-02 21:50:00,208.20000457763672,209.96347427808047,-1.7634697004437498
2024-09-02 22:00:00,209.1500015258789,209.9634742783366,-0.8134727524576988
2024-09-02 22:10:00,209.6999969482422,209.9634742785401,-0.263477330297917
2024-09-02 22:20:00,209.75,209.96347427870177,-0.21347427870176716
2024-09-02 22:30:00,208.20000457763672,209.9634742788302,-1.7634697011934861
2024-09-02 22:40:00,208.70000457763672,209.96347427893224,-1.26346970129552
2024-09-02 22:50:00,209.54999542236328,209.9634742790133,-0.41347885665001627
2024-09-02 23:00:00,209.04999542236328,209.9634742790777,-0.9134788567144199
2024-09-02 23:10:00,208.5,209.96347427912886,-1.4634742791288602
2024-09-02 23:20:00,206.8499984741211,209.9634742791695,-3.1134758050484095
2024-09-02 23:30:00,207.9000015258789,209.9634742792018,-2.063472753322884
2024-09-02 23:40:00,208.0999984741211,209.96347427922746,-1.8634758051063613
2024-09-02 23:50:00,208.54999542236328,209.96347427924783,-1.4134788568845522
2024-09-03 00:00:00,209.3499984741211,209.96347427926403,-0.6134758051429401
2024-09-03 00:10:00,209.5999984741211,209.9634742792769,-0.3634758051558151
2024-09-03 00:20:00,209.04999542236328,209.9634742792871,-0.913478856923831
2024-09-03 00:30:00,208.3499984741211,209.96347427929524,-1.6134758051741471
2024-09-03 00:40:00,210.0,209.9634742793017,0.036525720698307396
2024-09-03 00:50:00,210.20000457763672,209.9634742793068,0.23653029832991024
2024-09-03 01:00:00,210.5999984741211,209.96347427931087,0.6365241948102209
2024-09-03 01:10:00,211.5,209.9634742793141,1.536525720685887
2024-09-03 01:20:00,211.95000457763672,209.96347427931667,1.986530298320048
2024-09-03 01:30:00,211.25,209.96347427931872,1.2865257206812828
2024-09-03 01:40:00,211.04999542236328,209.96347427932034,1.086521143042944
2024-09-03 01:50:00,210.5500030517578,209.96347427932162,0.5865287724361963
2024-09-03 02:00:00,212.75,209.96347427932264,2.7865257206773606
2024-09-03 02:10:00,209.70000457763672,209.96347427932346,-0.2634697016867449
2024-09-03 02:20:00,209.5999984741211,209.96347427932412,-0.3634758052030236
2024-09-03 02:30:00,209.9499969482422,209.96347427932463,-0.013477331082441424
2024-09-03 02:40:00,209.70000457763672,209.96347427932503,-0.2634697016883081
2024-09-03 02:50:00,209.6999969482422,209.96347427932534,-0.26347733108315197
2024-09-03 03:00:00,210.1499938964844,209.9634742793256,0.18651961715880816
2024-09-03 03:10:00,210.4000015258789,209.9634742793258,0.43652724655311204
2024-09-03 03:20:00,210.95000457763672,209.96347427932596,0.986530298310754
2024-09-03 03:30:00,208.6500015258789,209.9634742793261,-1.3134727534472006
2024-09-03 03:40:00,207.54999542236328,209.96347427932622,-2.4134788569629393
2024-09-03 03:50:00,208.54999542236328,209.9634742793263,-1.4134788569630246
2024-09-03 04:00:00,208.6500015258789,209.96347427932636,-1.3134727534474564
2024-09-03 04:10:00,209.0,209.96347427932642,-0.9634742793264195
2024-09-03 04:20:00,210.6999969482422,209.96347427932645,0.7365226689157396
2024-09-03 04:30:00,210.4499969482422,209.96347427932648,0.48652266891571117
2024-09-03 04:40:00,209.54999542236328,209.9634742793265,-0.4134788569632235
2024-09-03 04:50:00,210.0500030517578,209.96347427932653,0.08652877243127932
2024-09-03 05:00:00,211.45000457763672,209.96347427932656,1.4865302983101571
2024-09-03 05:10:00,212.3000030517578,209.96347427932656,2.336528772431251
2024-09-03 05:20:00,212.5999984741211,209.96347427932656,2.636524194794532
2024-09-03 05:30:00,214.25,209.96347427932656,4.286525720673438
2024-09-03 05:40:00,217.0500030517578,209.96347427932656,7.086528772431251
2024-09-03 05:50:00,218.1999969482422,209.96347427932656,8.236522668915626
2024-09-03 06:00:00,218.25,209.96347427932656,8.286525720673438
2024-09-03 06:10:00,217.1500015258789,209.96347427932656,7.186527246552345
2024-09-03 06:20:00,217.0,209.96347427932656,7.036525720673438
2024-09-03 06:30:00,216.70000457763672,209.96347427932656,6.736530298310157
2024-09-03 06:40:00,216.4499969482422,209.96347427932656,6.486522668915626
2024-09-03 06:50:00,216.3000030517578,209.96347427932656,6.336528772431251
2024-09-03 07:00:00,216.4000015258789,209.96347427932656,6.436527246552345
2024-09-03 07:10:00,217.3499984741211,209.96347427932656,7.386524194794532
2024-09-03 07:20:00,216.0999984741211,209.96347427932656,6.136524194794532
2024-09-03 07:30:00,214.5500030517578,209.96347427932656,4.586528772431251
2024-09-03 07:40:00,215.5999984741211,209.96347427932656,5.636524194794532
2024-09-03 07:50:00,216.5,209.96347427932656,6.536525720673438
2024-09-03 08:00:00,216.04999542236328,209.96347427932656,6.08652114303672
2024-09-03 08:10:00,214.6500015258789,209.96347427932656,4.686527246552345
2024-09-03 08:20:00,214.1500015258789,209.96347427932656,4.186527246552345
2024-09-03 08:30:00,213.6000061035156,209.96347427932656,3.636531824189035
2024-09-03 08:40:00,212.4000015258789,209.96347427932656,2.4365272465523446
2024-09-03 08:50:00,211.04999542236328,209.96347427932656,1.0865211430367196
2024-09-03 09:00:00,210.0500030517578,209.96347427932656,0.0865287724312509
2024-09-03 09:10:00,207.8999938964844,209.96347427932656,-2.063480382842158
2024-09-03 09:20:00,207.20000457763672,209.96347427932656,-2.763469701689843
2024-09-03 09:30:00,209.45000457763672,209.96347427932656,-0.5134697016898429
2024-09-03 09:40:00,210.1999969482422,209.96347427932656,0.2365226689156259
2024-09-03 09:50:00,209.95000457763672,209.96347427932656,-0.01346970168984285
2024-09-03 10:00:00,209.75,209.96347427932656,-0.2134742793265616
2024-09-03 10:10:00,208.5,209.96347427932656,-1.4634742793265616
2024-09-03 10:20:00,210.1499938964844,209.96347427932656,0.18651961715784182
2024-09-03 10:30:00,209.9499969482422,209.96347427932656,-0.0134773310843741
2024-09-03 10:40:00,209.1500015258789,209.96347427932656,-0.8134727534476554
2024-09-03 10:50:00,209.04999542236328,209.96347427932656,-0.9134788569632804
2024-09-03 11:00:00,211.1999969482422,209.96347427932656,1.236522668915626
2024-09-03 11:10:00,211.6500015258789,209.96347427932656,1.6865272465523446
2024-09-03 11:20:00,211.8499984741211,209.96347427932656,1.8865241947945321
2024-09-03 11:30:00,211.9000015258789,209.96347427932656,1.9365272465523446
2024-09-03 11:40:00,210.4000015258789,209.96347427932656,0.43652724655234465
2024-09-03 11:50:00,209.1000061035156,209.96347427932656,-0.863468175810965
2024-09-03 12:00:00,208.5500030517578,209.96347427932656,-1.413471227568749
2024-09-03 12:10:00,210.25,209.96347427932656,0.2865257206734384
2024-09-03 12:20:00,212.9499969482422,209.96347427932656,2.986522668915626
2024-09-03 12:30:00,210.0,209.96347427932656,0.0365257206734384
2024-09-03 12:40:00,210.5,209.96347427932656,0.5365257206734384
2024-09-03 12:50:00,210.1999969482422,209.96347427932656,0.2365226689156259
2024-09-03 13:00:00,209.25,209.96347427932656,-0.7134742793265616
2024-09-03 13:10:00,209.9499969482422,209.96347427932656,-0.0134773310843741
2024-09-03 13:20:00,210.1999969482422,209.96347427932656,0.2365226689156259
2024-09-03 13:30:00,209.9499969482422,209.96347427932656,-0.0134773310843741
2024-09-03 13:40:00,210.5,209.96347427932656,0.5365257206734384
2024-09-03 13:50:00,212.3000030517578,209.96347427932656,2.336528772431251
2024-09-03 14:00:00,213.6500015258789,209.96347427932656,3.6865272465523446
2024-09-03 14:10:00,214.29999542236328,209.96347427932656,4.33652114303672
2024-09-03 14:20:00,213.9000015258789,209.96347427932656,3.9365272465523446
2024-09-03 14:30:00,212.20000457763672,209.96347427932656,2.236530298310157
2024-09-03 14:40:00,211.70000457763672,209.96347427932656,1.7365302983101571
2024-09-03 14:50:00,211.79999542236328,209.96347427932656,1.8365211430367196
2024-09-03 15:00:00,213.04999542236328,209.96347427932656,3.0865211430367196
2024-09-03 15:10:00,214.1000061035156,209.96347427932656,4.136531824189035
2024-09-03 15:20:00,213.6499938964844,209.96347427932656,3.686519617157842
2024-09-03 15:30:00,212.8000030517578,209.96347427932656,2.836528772431251
2024-09-03 15:40:00,212.6500015258789,209.96347427932656,2.6865272465523446
2024-09-03 15:50:00,212.29999542236328,209.96347427932656,2.3365211430367196
2024-09-03 16:00:00,211.5999984741211,209.96347427932656,1.6365241947945321
2024-09-03 16:10:00,210.5,209.96347427932656,0.5365257206734384
2024-09-03 16:20:00,211.45000457763672,209.96347427932656,1.4865302983101571
2024-09-03 16:30:00,212.54999542236328,209.96347427932656,2.5865211430367196
2024-09-03 16:40:00,212.54999542236328,209.96347427932656,2.5865211430367196
2024-09-03 16:50:00,212.1499938964844,209.96347427932656,2.186519617157842
2024-09-03 17:00:00,211.0999984741211,209.96347427932656,1.1365241947945321
2024-09-03 17:10:00,210.45000457763672,209.96347427932656,0.48653029831015715
2024-09-03 17:20:00,211.1500015258789,209.96347427932656,1.1865272465523446
2024-09-03 17:30:00,213.0,209.96347427932656,3.0365257206734384
2024-09-03 17:40:00,212.5,209.96347427932656,2.5365257206734384
2024-09-03 17:50:00,210.0,209.96347427932656,0.0365257206734384
2024-09-03 18:00:00,209.25,209.96347427932656,-0.7134742793265616
2024-09-03 18:10:00,210.1500015258789,209.96347427932656,0.18652724655234465
2024-09-03 18:20:00,210.3000030517578,209.96347427932656,0.3365287724312509
2024-09-03 18:30:00,209.1999969482422,209.96347427932656,-0.7634773310843741
2024-09-03 18:40:00,209.4499969482422,209.96347427932656,-0.5134773310843741
2024-09-03 18:50:00,212.25,209.96347427932656,2.2865257206734384
2024-09-03 19:00:00,213.25,209.96347427932656,3.2865257206734384
2024-09-03 19:10:00,213.3499984741211,209.96347427932656,3.386524194794532
2024-09-03 19:20:00,214.25,209.96347427932656,4.286525720673438
2024-09-03 19:30:00,213.95000457763672,209.96347427932656,3.986530298310157
2024-09-03 19:40:00,212.6500015258789,209.96347427932656,2.6865272465523446
2024-09-03 19:50:00,212.20000457763672,209.96347427932656,2.236530298310157
2024-09-03 20:00:00,212.8000030517578,209.96347427932656,2.836528772431251
2024-09-03 20:10:00,212.1999969482422,209.96347427932656,2.236522668915626
2024-09-03 20:20:00,209.54999542236328,209.96347427932656,-0.41347885696328035
2024-09-03 20:30:00,210.29999542236328,209.96347427932656,0.33652114303671965
2024-09-03 20:40:00,211.70000457763672,209.96347427932656,1.7365302983101571
2024-09-03 20:50:00,212.8000030517578,209.96347427932656,2.836528772431251
2024-09-03 21:00:00,214.3499984741211,209.96347427932656,4.386524194794532
2024-09-03 21:10:00,215.3499984741211,209.96347427932656,5.386524194794532
2024-09-03 21:20:00,215.3499984741211,209.96347427932656,5.386524194794532
2024-09-03 21:30:00,214.5,209.96347427932656,4.536525720673438
2024-09-03 21:40:00,211.4499969482422,209.96347427932656,1.486522668915626
2024-09-03 21:50:00,210.79999542236328,209.96347427932656,0.8365211430367196
2024-09-03 22:00:00,213.5999984741211,209.96347427932656,3.636524194794532
2024-09-03 22:10:00,215.8500061035156,209.96347427932656,5.886531824189035
2024-09-03 22:20:00,216.5500030517578,209.96347427932656,6.586528772431251
2024-09-03 22:30:00,217.1500015258789,209.96347427932656,7.186527246552345
2024-09-03 22:40:00,217.8000030517578,209.96347427932656,7.836528772431251
2024-09-03 22:50:00,218.25,209.96347427932656,8.286525720673438
2024-09-03 23:00:00,217.79999542236328,209.96347427932656,7.83652114303672
2024-09-03 23:10:00,217.5,209.96347427932656,7.536525720673438
2024-09-03 23:20:00,217.9000015258789,209.96347427932656,7.936527246552345
2024-09-03 23:30:00,217.75,209.96347427932656,7.786525720673438
2024-09-03 23:40:00,218.1500015258789,209.96347427932656,8.186527246552345
2024-09-03 23:50:00,217.75,209.96347427932656,7.786525720673438
2024-09-04 00:00:00,217.8000030517578,209.96347427932656,7.836528772431251
2024-09-04 00:10:00,216.95000457763672,209.96347427932656,6.986530298310157
2024-09-04 00:20:00,216.9000015258789,209.96347427932656,6.936527246552345
2024-09-04 00:30:00,216.6500015258789,209.96347427932656,6.686527246552345
2024-09-04 00:40:00,215.75,209.96347427932656,5.786525720673438
2024-09-04 00:50:00,215.3499984741211,209.96347427932656,5.386524194794532
2024-09-04 01:00:00,214.9499969482422,209.96347427932656,4.986522668915626
2024-09-04 01:10:00,215.8000030517578,209.96347427932656,5.836528772431251
2024-09-04 01:20:00,215.54999542236328,209.96347427932656,5.58652114303672
2024-09-04 01:30:00,215.5,209.96347427932656,5.536525720673438
2024-09-04 01:40:00,214.25,209.96347427932656,4.286525720673438
2024-09-04 01:50:00,214.3499984741211,209.96347427932656,4.386524194794532
2024-09-04 02:00:00,214.9000015258789,209.96347427932656,4.936527246552345
2024-09-04 02:10:00,214.6500015258789,209.96347427932656,4.686527246552345
2024-09-04 02:20:00,213.75,209.96347427932656,3.7865257206734384
2024-09-04 02:30:00,213.8499984741211,209.96347427932656,3.886524194794532
2024-09-04 02:40:00,213.9499969482422,209.96347427932656,3.986522668915626
2024-09-04 02:50:00,213.8499984741211,209.96347427932656,3.886524194794532
2024-09-04 03:00:00,210.95000457763672,209.96347427932656,0.9865302983101571
2024-09-04 03:10:00,208.1500015258789,209.96347427932656,-1.8134727534476554
2024-09-04 03:20:00,206.3499984741211,209.96347427932656,-3.613475805205468
2024-09-04 03:30:00,207.95000457763672,209.96347427932656,-2.013469701689843
2024-09-04 03:40:00,206.9000015258789,209.96347427932656,-3.0634727534476554
2024-09-04 03:50:00,206.9000015258789,209.96347427932656,-3.0634727534476554
2024-09-04 04:00:00,207.75,209.96347427932656,-2.2134742793265616
2024-09-04 04:10:00,209.0,209.96347427932656,-0.9634742793265616
2024-09-04 04:20:00,209.5500030517578,209.96347427932656,-0.4134712275687491
2024-09-04 04:30:00,209.6000061035156,209.96347427932656,-0.363468175810965
2024-09-04 04:40:00,210.4000015258789,209.96347427932656,0.43652724655234465
2024-09-04 04:50:00,210.95000457763672,209.96347427932656,0.9865302983101571
2024-09-04 05:00:00,211.4000015258789,209.96347427932656,1.4365272465523446
2024-09-04 05:10:00,211.4499969482422,209.96347427932656,1.486522668915626
2024-09-04 05:20:00,211.0,209.96347427932656,1.0365257206734384
2024-09-04 05:30:00,211.4499969482422,209.96347427932656,1.486522668915626
2024-09-04 05:40:00,211.0999984741211,209.96347427932656,1.1365241947945321
2024-09-04 05:50:00,210.3499984741211,209.96347427932656,0.38652419479453215
2024-09-04 06:00:00,210.4000015258789,209.96347427932656,0.43652724655234465
2024-09-04 06:10:00,212.0999984741211,209.96347427932656,2.136524194794532
2024-09-04 06:20:00,211.3000030517578,209.96347427932656,1.336528772431251
2024-09-04 06:30:00,210.0,209.96347427932656,0.0365257206734384
2024-09-04 06:40:00,208.5999984741211,209.96347427932656,-1.3634758052054679
2024-09-04 06:50:00,208.3499984741211,209.96347427932656,-1.6134758052054679
2024-09-04 07:00:00,208.8500061035156,209.96347427932656,-1.113468175810965
2024-09-04 07:10:00,209.0500030517578,209.96347427932656,-0.9134712275687491
2024-09-04 07:20:00,208.6999969482422,209.96347427932656,-1.263477331084374
2024-09-04 07:30:00,210.9000015258789,209.96347427932656,0.9365272465523446
2024-09-04 07:40:00,210.8000030517578,209.96347427932656,0.8365287724312509
2024-09-04 07:50:00,210.6500015258789,209.96347427932656,0.6865272465523446
2024-09-04 08:00:00,213.4499969482422,209.96347427932656,3.486522668915626
2024-09-04 08:10:00,219.5500030517578,209.96347427932656,9.586528772431251
2024-09-04 08:20:00,220.4499969482422,209.96347427932656,10.486522668915626
2024-09-04 08:30:00,217.9000015258789,209.96347427932656,7.936527246552345
2024-09-04 08:40:00,214.0,209.96347427932656,4.036525720673438
2024-09-04 08:50:00,214.0999984741211,209.96347427932656,4.136524194794532
2024-09-04 09:00:00,214.5,209.96347427932656,4.536525720673438
2024-09-04 09:10:00,212.0999984741211,209.96347427932656,2.136524194794532
2024-09-04 09:20:00,211.8499984741211,209.96347427932656,1.8865241947945321
2024-09-04 09:30:00,210.4000015258789,209.96347427932656,0.43652724655234465
2024-09-04 09:40:00,208.29999542236328,209.96347427932656,-1.6634788569632804
2024-09-04 09:50:00,206.6500015258789,209.96347427932656,-3.3134727534476554
2024-09-04 10:00:00,206.8999938964844,209.96347427932656,-3.063480382842158
2024-09-04 10:10:00,207.6999969482422,209.96347427932656,-2.263477331084374
2024-09-04 10:20:00,206.5500030517578,209.96347427932656,-3.413471227568749
2024-09-04 10:30:00,208.3499984741211,209.96347427932656,-1.6134758052054679
2024-09-04 10:40:00,208.75,209.96347427932656,-1.2134742793265616
2024-09-04 10:50:00,210.5,209.96347427932656,0.5365257206734384
2024-09-04 11:00:00,211.25,209.96347427932656,1.2865257206734384
2024-09-04 11:10:00,216.79999542236328,209.96347427932656,6.83652114303672
2024-09-04 11:20:00,220.3499984741211,209.96347427932656,10.386524194794532
2024-09-04 11:30:00,221.5,209.96347427932656,11.536525720673438
2024-09-04 11:40:00,222.04999542236328,209.96347427932656,12.08652114303672
2024-09-04 11:50:00,221.6500015258789,209.96347427932656,11.686527246552345
2024-09-04 12:00:00,219.3999938964844,209.96347427932656,9.436519617157842
2024-09-04 12:10:00,213.1999969482422,209.96347427932656,3.236522668915626
2024-09-04 12:20:00,210.0999984741211,209.96347427932656,0.13652419479453215
2024-09-04 12:30:00,209.3500061035156,209.96347427932656,-0.613468175810965
2024-09-04 12:40:00,212.4000015258789,209.96347427932656,2.4365272465523446
2024-09-04 12:50:00,214.5999984741211,209.96347427932656,4.636524194794532
2024-09-04 13:00:00,212.8500061035156,209.96347427932656,2.886531824189035
2024-09-04 13:10:00,214.95000457763672,209.96347427932656,4.986530298310157
2024-09-04 13:20:00,212.0999984741211,209.96347427932656,2.136524194794532
2024-09-04 13:30:00,213.20000457763672,209.96347427932656,3.236530298310157
2024-09-04 13:40:00,214.0,209.96347427932656,4.036525720673438
2024-09-04 13:50:00,213.75,209.96347427932656,3.7865257206734384
2024-09-04 14:00:00,211.6999969482422,209.96347427932656,1.736522668915626
2024-09-04 14:10:00,210.0500030517578,209.96347427932656,0.0865287724312509
2024-09-04 14:20:00,212.1500015258789,209.96347427932656,2.1865272465523446
2024-09-04 14:30:00,214.0999984741211,209.96347427932656,4.136524194794532
2024-09-04 14:40:00,212.9000015258789,209.96347427932656,2.9365272465523446
2024-09-04 14:50:00,212.70000457763672,209.96347427932656,2.736530298310157
2024-09-04 15:00:00,210.9499969482422,209.96347427932656,0.9865226689156259
2024-09-04 15:10:00,210.6999969482422,209.96347427932656,0.7365226689156259
2024-09-04 15:20:00,212.75,209.96347427932656,2.7865257206734384
2024-09-04 15:30:00,210.5999984741211,209.96347427932656,0.6365241947945321
2024-09-04 15:40:00,212.6999969482422,209.96347427932656,2.736522668915626
2024-09-04 15:50:00,214.29999542236328,209.96347427932656,4.33652114303672
2024-09-04 16:00:00,214.70000457763672,209.96347427932656,4.736530298310157
2024-09-04 16:10:00,215.04999542236328,209.96347427932656,5.08652114303672
2024-09-04 16:20:00,212.3000030517578,209.96347427932656,2.336528772431251
2024-09-04 16:30:00,210.6500015258789,209.96347427932656,0.6865272465523446
2024-09-04 16:40:00,212.1500015258789,209.96347427932656,2.1865272465523446
2024-09-04 16:50:00,213.6500015258789,209.96347427932656,3.6865272465523446
2024-09-04 17:00:00,213.95000457763672,209.96347427932656,3.986530298310157
2024-09-04 17:10:00,214.5999984741211,209.96347427932656,4.636524194794532
2024-09-04 17:20:00,216.25,209.96347427932656,6.286525720673438
2024-09-04 17:30:00,217.8000030517578,209.96347427932656,7.836528772431251
2024-09-04 17:40:00,218.5,209.96347427932656,8.536525720673438
2024-09-04 17:50:00,218.8499984741211,209.96347427932656,8.886524194794532
2024-09-04 18:00:00,221.3000030517578,209.96347427932656,11.336528772431251
2024-09-04 18:10:00,222.3499984741211,209.96347427932656,12.386524194794532
2024-09-04 18:20:00,219.75,209.96347427932656,9.786525720673438
2024-09-04 18:30:00,219.1500015258789,209.96347427932656,9.186527246552345
2024-09-04 18:40:00,218.20000457763672,209.96347427932656,8.236530298310157
2024-09-04 18:50:00,217.25,209.96347427932656,7.286525720673438
2024-09-04 19:00:00,217.1999969482422,209.96347427932656,7.236522668915626
2024-09-04 19:10:00,217.4000015258789,209.96347427932656,7.436527246552345
2024-09-04 19:20:00,216.0500030517578,209.96347427932656,6.086528772431251
2024-09-04 19:30:00,214.54999542236328,209.96347427932656,4.58652114303672
2024-09-04 19:40:00,213.1500015258789,209.96347427932656,3.1865272465523446
2024-09-04 19:50:00,212.3000030517578,209.96347427932656,2.336528772431251
2024-09-04 20:00:00,212.4000015258789,209.96347427932656,2.4365272465523446
2024-09-04 20:10:00,212.0999984741211,209.96347427932656,2.136524194794532
2024-09-04 20:20:00,212.1500015258789,209.96347427932656,2.1865272465523446
2024-09-04 20:30:00,213.1500015258789,209.96347427932656,3.1865272465523446
2024-09-04 20:40:00,213.4499969482422,209.96347427932656,3.486522668915626
2024-09-04 20:50:00,215.0,209.96347427932656,5.036525720673438
2024-09-04 21:00:00,215.04999542236328,209.96347427932656,5.08652114303672
2024-09-04 21:10:00,213.75,209.96347427932656,3.7865257206734384
2024-09-04 21:20:00,214.8000030517578,209.96347427932656,4.836528772431251
2024-09-04 21:30:00,216.5,209.96347427932656,6.536525720673438
2024-09-04 21:40:00,216.5500030517578,209.96347427932656,6.586528772431251
2024-09-04 21:50:00,215.5500030517578,209.96347427932656,5.586528772431251
2024-09-04 22:00:00,214.9000015258789,209.96347427932656,4.936527246552345
2024-09-04 22:10:00,216.25,209.96347427932656,6.286525720673438
2024-09-04 22:20:00,216.75,209.96347427932656,6.786525720673438
2024-09-04 22:30:00,216.0,209.96347427932656,6.036525720673438
2024-09-04 22:40:00,214.20000457763672,209.96347427932656,4.236530298310157
2024-09-04 22:50:00,212.5999984741211,209.96347427932656,2.636524194794532
2024-09-04 23:00:00,213.0,209.96347427932656,3.0365257206734384
2024-09-04 23:10:00,212.70000457763672,209.96347427932656,2.736530298310157
2024-09-04 23:20:00,208.1999969482422,209.96347427932656,-1.763477331084374
2024-09-04 23:30:00,207.45000457763672,209.96347427932656,-2.513469701689843
2024-09-04 23:40:00,205.9499969482422,209.96347427932656,-4.013477331084374
2024-09-04 23:50:00,202.9000015258789,209.96347427932656,-7.063472753447655
2024-09-05 00:00:00,202.4499969482422,209.96347427932656,-7.513477331084374
2024-09-05 00:10:00,203.4000015258789,209.96347427932656,-6.563472753447655
2024-09-05 00:20:00,204.8499984741211,209.96347427932656,-5.113475805205468
2024-09-05 00:30:00,205.20000457763672,209.96347427932656,-4.763469701689843
2024-09-05 00:40:00,205.4499969482422,209.96347427932656,-4.513477331084374
2024-09-05 00:50:00,205.0999984741211,209.96347427932656,-4.863475805205468
2024-09-05 01:00:00,206.29999542236328,209.96347427932656,-3.6634788569632804
2024-09-05 01:10:00,207.1500015258789,209.96347427932656,-2.8134727534476554
2024-09-05 01:20:00,208.25,209.96347427932656,-1.7134742793265616
2024-09-05 01:30:00,209.45000457763672,209.96347427932656,-0.5134697016898429
2024-09-05 01:40:00,211.0,209.96347427932656,1.0365257206734384
2024-09-05 01:50:00,214.3000030517578,209.96347427932656,4.336528772431251
2024-09-05 02:00:00,217.1499938964844,209.96347427932656,7.186519617157842
2024-09-05 02:10:00,217.0999984741211,209.96347427932656,7.136524194794532
2024-09-05 02:20:00,216.8000030517578,209.96347427932656,6.836528772431251
2024-09-05 02:30:00,216.6500015258789,209.96347427932656,6.686527246552345
2024-09-05 02:40:00,216.3000030517578,209.96347427932656,6.336528772431251
2024-09-05 02:50:00,215.6500015258789,209.96347427932656,5.686527246552345
2024-09-05 03:00:00,215.5999984741211,209.96347427932656,5.636524194794532
2024-09-05 03:10:00,216.6500015258789,209.96347427932656,6.686527246552345
2024-09-05 03:20:00,218.5999984741211,209.96347427932656,8.636524194794532
2024-09-05 03:30:00,218.6500015258789,209.96347427932656,8.686527246552345
2024-09-05 03:40:00,218.0,209.96347427932656,8.036525720673438
2024-09-05 03:50:00,217.5,209.96347427932656,7.536525720673438
2024-09-05 04:00:00,218.0999984741211,209.96347427932656,8.136524194794532
2024-09-05 04:10:00,220.4499969482422,209.96347427932656,10.486522668915626
2024-09-05 04:20:00,221.04999542236328,209.96347427932656,11.08652114303672
2024-09-05 04:30:00,220.9499969482422,209.96347427932656,10.986522668915626
2024-09-05 04:40:00,219.4000015258789,209.96347427932656,9.436527246552345
2024-09-05 04:50:00,218.6999969482422,209.96347427932656,8.736522668915626
2024-09-05 05:00:00,217.0500030517578,209.96347427932656,7.086528772431251
2024-09-05 05:10:00,217.1000061035156,209.96347427932656,7.136531824189035
2024-09-05 05:20:00,216.1500015258789,209.96347427932656,6.186527246552345
2024-09-05 05:30:00,215.5500030517578,209.96347427932656,5.586528772431251
2024-09-05 05:40:00,217.25,209.96347427932656,7.286525720673438
2024-09-05 05:50:00,216.54999542236328,209.96347427932656,6.58652114303672
2024-09-05 06:00:00,215.1999969482422,209.96347427932656,5.236522668915626
2024-09-05 06:10:00,214.3999938964844,209.96347427932656,4.436519617157842
2024-09-05 06:20:00,216.8499984741211,209.96347427932656,6.886524194794532
2024-09-05 06:30:00,216.0,209.96347427932656,6.036525720673438
2024-09-05 06:40:00,215.9499969482422,209.96347427932656,5.986522668915626
2024-09-05 06:50:00,215.6999969482422,209.96347427932656,5.736522668915626
2024-09-05 07:00:00,216.0,209.96347427932656,6.036525720673438
2024-09-05 07:10:00,215.4000015258789,209.96347427932656,5.436527246552345
2024-09-05 07:20:00,215.95000457763672,209.96347427932656,5.986530298310157
2024-09-05 07:30:00,217.3499984741211,209.96347427932656,7.386524194794532
2024-09-05 07:40:00,220.1500015258789,209.96347427932656,10.186527246552345
2024-09-05 07:50:00,222.70000457763672,209.96347427932656,12.736530298310157
2024-09-05 08:00:00,212.9499969482422,209.96347427932656,2.986522668915626
2024-09-05 08:10:00,212.9499969482422,209.96347427932656,2.986522668915626
2024-09-05 08:20:00,212.9499969482422,209.96347427932656,2.986522668915626
2024-09-05 08:30:00,212.9499969482422,209.96347427932656,2.986522668915626
2024-09-05 08:40:00,212.9499969482422,209.96347427932656,2.986522668915626
2024-09-05 08:50:00,219.4000015258789,209.96347427932656,9.436527246552345
2024-09-05 09:00:00,215.79999542236328,209.96347427932656,5.83652114303672
2024-09-05 09:10:00,214.8499984741211,209.96347427932656,4.886524194794532
2024-09-05 09:20:00,213.5,209.96347427932656,3.5365257206734384
2024-09-05 09:30:00,213.1500015258789,209.96347427932656,3.1865272465523446
2024-09-05 09:40:00,214.79999542236328,209.96347427932656,4.83652114303672
2024-09-05 09:50:00,215.45000457763672,209.96347427932656,5.486530298310157
2024-09-05 10:00:00,215.29999542236328,209.96347427932656,5.33652114303672
2024-09-05 10:10:00,214.0999984741211,209.96347427932656,4.136524194794532
2024-09-05 10:20:00,213.0500030517578,209.96347427932656,3.086528772431251
2024-09-05 10:30:00,213.3499984741211,209.96347427932656,3.386524194794532
2024-09-05 10:40:00,213.0500030517578,209.96347427932656,3.086528772431251
2024-09-05 10:50:00,213.8500061035156,209.96347427932656,3.886531824189035
2024-09-05 11:00:00,213.75,209.96347427932656,3.7865257206734384
2024-09-05 11:10:00,214.1500015258789,209.96347427932656,4.186527246552345
2024-09-05 11:20:00,215.8500061035156,209.96347427932656,5.886531824189035
2024-09-05 11:30:00,216.25,209.96347427932656,6.286525720673438
2024-09-05 11:40:00,215.5,209.96347427932656,5.536525720673438
2024-09-05 11:50:00,215.75,209.96347427932656,5.786525720673438
2024-09-05 12:00:00,217.20000457763672,209.96347427932656,7.236530298310157
2024-09-05 12:10:00,218.0,209.96347427932656,8.036525720673438
2024-09-05 12:20:00,217.0,209.96347427932656,7.036525720673438
2024-09-05 12:30:00,215.5999984741211,209.96347427932656,5.636524194794532
2024-09-05 12:40:00,215.0,209.96347427932656,5.036525720673438
2024-09-05 12:50:00,217.79999542236328,209.96347427932656,7.83652114303672
2024-09-05 13:00:00,220.25,209.96347427932656,10.286525720673438
2024-09-05 13:10:00,222.0999984741211,209.96347427932656,12.136524194794532
2024-09-05 13:20:00,221.70000457763672,209.96347427932656,11.736530298310157
2024-09-05 13:30:00,220.79999542236328,209.96347427932656,10.83652114303672
2024-09-05 13:40:00,219.4000015258789,209.96347427932656,9.436527246552345
2024-09-05 13:50:00,218.1500015258789,209.96347427932656,8.186527246552345
2024-09-05 14:00:00,214.04999542236328,209.96347427932656,4.08652114303672
2024-09-05 14:10:00,212.75,209.96347427932656,2.7865257206734384
2024-09-05 14:20:00,212.25,209.96347427932656,2.2865257206734384
2024-09-05 14:30:00,212.0999984741211,209.96347427932656,2.136524194794532
2024-09-05 14:40:00,214.79999542236328,209.96347427932656,4.83652114303672
2024-09-05 14:50:00,215.75,209.96347427932656,5.786525720673438
2024-09-05 15:00:00,216.1999969482422,209.96347427932656,6.236522668915626
2024-09-05 15:10:00,218.75,209.96347427932656,8.786525720673438
2024-09-05 15:20:00,215.6000061035156,209.96347427932656,5.636531824189035
2024-09-05 15:30:00,216.1500015258789,209.96347427932656,6.186527246552345
2024-09-05 15:40:00,217.9000015258789,209.96347427932656,7.936527246552345
2024-09-05 15:50:00,218.3000030517578,209.96347427932656,8.336528772431251
2024-09-05 16:00:00,218.5,209.96347427932656,8.536525720673438
2024-09-05 16:10:00,217.4000015258789,209.96347427932656,7.436527246552345
2024-09-05 16:20:00,216.45000457763672,209.96347427932656,6.486530298310157
2024-09-05 16:30:00,216.4000015258789,209.96347427932656,6.436527246552345
2024-09-05 16:40:00,215.54999542236328,209.96347427932656,5.58652114303672
2024-09-05 16:50:00,214.5,209.96347427932656,4.536525720673438
2024-09-05 17:00:00,215.25,209.96347427932656,5.286525720673438
2024-09-05 17:10:00,215.29999542236328,209.96347427932656,5.33652114303672
2024-09-05 17:20:00,214.6999969482422,209.96347427932656,4.736522668915626
2024-09-05 17:30:00,211.3000030517578,209.96347427932656,1.336528772431251
2024-09-05 17:40:00,209.75,209.96347427932656,-0.2134742793265616
2024-09-05 17:50:00,210.3499984741211,209.96347427932656,0.38652419479453215
2024-09-05 18:00:00,209.9000015258789,209.96347427932656,-0.06347275344765535
2024-09-05 18:10:00,211.70000457763672,209.96347427932656,1.7365302983101571
2024-09-05 18:20:00,214.79999542236328,209.96347427932656,4.83652114303672
2024-09-05 18:30:00,214.5999984741211,209.96347427932656,4.636524194794532
2024-09-05 18:40:00,213.70000457763672,209.96347427932656,3.736530298310157
2024-09-05 18:50:00,216.3000030517578,209.96347427932656,6.336528772431251
2024-09-05 19:00:00,216.6500015258789,209.96347427932656,6.686527246552345
2024-09-05 19:10:00,214.25,209.96347427932656,4.286525720673438
2024-09-05 19:20:00,211.6000061035156,209.96347427932656,1.636531824189035
2024-09-05 19:30:00,209.9499969482422,209.96347427932656,-0.0134773310843741
2024-09-05 19:40:00,210.20000457763672,209.96347427932656,0.23653029831015715
2024-09-05 19:50:00,209.75,209.96347427932656,-0.2134742793265616
2024-09-05 20:00:00,210.1999969482422,209.96347427932656,0.2365226689156259
2024-09-05 20:10:00,210.4000015258789,209.96347427932656,0.43652724655234465
2024-09-05 20:20:00,214.25,209.96347427932656,4.286525720673438
2024-09-05 20:30:00,216.4499969482422,209.96347427932656,6.486522668915626
2024-09-05 20:40:00,216.79999542236328,209.96347427932656,6.83652114303672
2024-09-05 20:50:00,215.0,209.96347427932656,5.036525720673438
2024-09-05 21:00:00,213.6500015258789,209.96347427932656,3.6865272465523446
2024-09-05 21:10:00,213.8500061035156,209.96347427932656,3.886531824189035
2024-09-05 21:20:00,211.6500015258789,209.96347427932656,1.6865272465523446
2024-09-05 21:30:00,207.0500030517578,209.96347427932656,-2.913471227568749
2024-09-05 21:40:00,205.75,209.96347427932656,-4.213474279326562
2024-09-05 21:50:00,206.20000457763672,209.96347427932656,-3.763469701689843
2024-09-05 22:00:00,206.8000030517578,209.96347427932656,-3.163471227568749
2024-09-05 22:10:00,206.5999984741211,209.96347427932656,-3.363475805205468
2024-09-05 22:20:00,205.9499969482422,209.96347427932656,-4.013477331084374
2024-09-05 22:30:00,204.4499969482422,209.96347427932656,-5.513477331084374
2024-09-05 22:40:00,202.6500015258789,209.96347427932656,-7.313472753447655
2024-09-05 22:50:00,203.79999542236328,209.96347427932656,-6.16347885696328
2024-09-05 23:00:00,204.3499984741211,209.96347427932656,-5.613475805205468
2024-09-05 23:10:00,202.25,209.96347427932656,-7.713474279326562
2024-09-05 23:20:00,212.9499969482422,209.96347427932656,2.986522668915626
2024-09-05 23:30:00,204.1000061035156,209.96347427932656,-5.863468175810965
2024-09-05 23:40:00,205.5500030517578,209.96347427932656,-4.413471227568749
2024-09-05 23:50:00,203.6999969482422,209.96347427932656,-6.263477331084374
2024-09-06 00:00:00,205.4000015258789,209.96347427932656,-4.563472753447655
2024-09-06 00:10:00,206.75,209.96347427932656,-3.2134742793265616
2024-09-06 00:20:00,206.1999969482422,209.96347427932656,-3.763477331084374
2024-09-06 00:30:00,205.5999984741211,209.96347427932656,-4.363475805205468
2024-09-06 00:40:00,205.29999542236328,209.96347427932656,-4.66347885696328
2024-09-06 00:50:00,206.75,209.96347427932656,-3.2134742793265616
2024-09-06 01:00:00,206.5999984741211,209.96347427932656,-3.363475805205468
2024-09-06 01:10:00,205.9499969482422,209.96347427932656,-4.013477331084374
2024-09-06 01:20:00,206.0,209.96347427932656,-3.9634742793265616
2024-09-06 01:30:00,205.4499969482422,209.96347427932656,-4.513477331084374
2024-09-06 01:40:00,205.0500030517578,209.96347427932656,-4.913471227568749
2024-09-06 01:50:00,204.04999542236328,209.96347427932656,-5.91347885696328
2024-09-06 02:00:00,204.1500015258789,209.96347427932656,-5.813472753447655
2024-09-06 02:10:00,204.3499984741211,209.96347427932656,-5.613475805205468
2024-09-06 02:20:00,204.0,209.96347427932656,-5.963474279326562
2024-09-06 02:30:00,203.9499969482422,209.96347427932656,-6.013477331084374
2024-09-06 02:40:00,204.0,209.96347427932656,-5.963474279326562
2024-09-06 02:50:00,204.0,209.96347427932656,-5.963474279326562
2024-09-06 03:00:00,203.5999984741211,209.96347427932656,-6.363475805205468
2024-09-06 03:10:00,202.9499969482422,209.96347427932656,-7.013477331084374
2024-09-06 03:20:00,203.5999984741211,209.96347427932656,-6.363475805205468
2024-09-06 03:30:00,207.75,209.96347427932656,-2.2134742793265616
2024-09-06 03:40:00,208.8499984741211,209.96347427932656,-1.1134758052054679
2024-09-06 03:50:00,208.79999542236328,209.96347427932656,-1.1634788569632804
2024-09-06 04:00:00,208.75,209.96347427932656,-1.2134742793265616
2024-09-06 04:10:00,209.5,209.96347427932656,-0.4634742793265616
2024-09-06 04:20:00,209.9000015258789,209.96347427932656,-0.06347275344765535
2024-09-06 04:30:00,213.1500015258789,209.96347427932656,3.1865272465523446
2024-09-06 04:40:00,212.3499984741211,209.96347427932656,2.386524194794532
2024-09-06 04:50:00,211.8499984741211,209.96347427932656,1.8865241947945321
2024-09-06 05:00:00,210.0999984741211,209.96347427932656,0.13652419479453215
2024-09-06 05:10:00,208.8499984741211,209.96347427932656,-1.1134758052054679
2024-09-06 05:20:00,209.5,209.96347427932656,-0.4634742793265616
2024-09-06 05:30:00,210.45000457763672,209.96347427932656,0.48653029831015715
2024-09-06 05:40:00,209.9499969482422,209.96347427932656,-0.0134773310843741
2024-09-06 05:50:00,209.8999938964844,209.96347427932656,-0.06348038284215818
2024-09-06 06:00:00,207.8499984741211,209.96347427932656,-2.113475805205468
2024-09-06 06:10:00,207.1000061035156,209.96347427932656,-2.863468175810965
2024-09-06 06:20:00,208.0500030517578,209.96347427932656,-1.913471227568749
2024-09-06 06:30:00,207.5500030517578,209.96347427932656,-2.413471227568749
2024-09-06 06:40:00,208.20000457763672,209.96347427932656,-1.7634697016898429
2024-09-06 06:50:00,208.3499984741211,209.96347427932656,-1.6134758052054679
2024-09-06 07:00:00,209.3499984741211,209.96347427932656,-0.6134758052054679
2024-09-06 07:10:00,210.25,209.96347427932656,0.2865257206734384
2024-09-06 07:20:00,208.25,209.96347427932656,-1.7134742793265616
2024-09-06 07:30:00,208.1999969482422,209.96347427932656,-1.763477331084374
2024-09-06 07:40:00,209.1500015258789,209.96347427932656,-0.8134727534476554
2024-09-06 07:50:00,210.6999969482422,209.96347427932656,0.7365226689156259
2024-09-06 08:00:00,210.3499984741211,209.96347427932656,0.38652419479453215
2024-09-06 08:10:00,209.1999969482422,209.96347427932656,-0.7634773310843741
2024-09-06 08:20:00,208.6499938964844,209.96347427932656,-1.3134803828421582
2024-09-06 08:30:00,208.8499984741211,209.96347427932656,-1.1134758052054679
2024-09-06 08:40:00,210.3000030517578,209.96347427932656,0.3365287724312509
2024-09-06 08:50:00,209.5999984741211,209.96347427932656,-0.36347580520546785
2024-09-06 09:00:00,209.75,209.96347427932656,-0.2134742793265616
2024-09-06 09:10:00,208.6500015258789,209.96347427932656,-1.3134727534476554
2024-09-06 09:20:00,209.0,209.96347427932656,-0.9634742793265616
2024-09-06 09:30:00,209.3499984741211,209.96347427932656,-0.6134758052054679
2024-09-06 09:40:00,209.9000015258789,209.96347427932656,-0.06347275344765535
2024-09-06 09:50:00,211.0,209.96347427932656,1.0365257206734384
2024-09-06 10:00:00,210.8000030517578,209.96347427932656,0.8365287724312509
2024-09-06 10:10:00,210.75,209.96347427932656,0.7865257206734384
2024-09-06 10:20:00,210.1999969482422,209.96347427932656,0.2365226689156259
2024-09-06 10:30:00,209.5,209.96347427932656,-0.4634742793265616
2024-09-06 10:40:00,208.95000457763672,209.96347427932656,-1.0134697016898429
2024-09-06 10:50:00,209.1500015258789,209.96347427932656,-0.8134727534476554
2024-09-06 11:00:00,209.4499969482422,209.96347427932656,-0.5134773310843741
2024-09-06 11:10:00,210.6499938964844,209.96347427932656,0.6865196171578418
2024-09-06 11:20:00,211.9499969482422,209.96347427932656,1.986522668915626
2024-09-06 11:30:00,212.29999542236328,209.96347427932656,2.3365211430367196
2024-09-06 11:40:00,212.6999969482422,209.96347427932656,2.736522668915626
2024-09-06 11:50:00,213.0,209.96347427932656,3.0365257206734384
2024-09-06 12:00:00,211.1500015258789,209.96347427932656,1.1865272465523446
2024-09-06 12:10:00,209.5500030517578,209.96347427932656,-0.4134712275687491
2024-09-06 12:20:00,210.25,209.96347427932656,0.2865257206734384
2024-09-06 12:30:00,211.1999969482422,209.96347427932656,1.236522668915626
2024-09-06 12:40:00,211.4000015258789,209.96347427932656,1.4365272465523446
2024-09-06 12:50:00,209.25,209.96347427932656,-0.7134742793265616
2024-09-06 13:00:00,208.4000015258789,209.96347427932656,-1.5634727534476554
2024-09-06 13:10:00,209.95000457763672,209.96347427932656,-0.01346970168984285
2024-09-06 13:20:00,210.54999542236328,209.96347427932656,0.5865211430367196
2024-09-06 13:30:00,210.70000457763672,209.96347427932656,0.7365302983101571
2024-09-06 13:40:00,211.25,209.96347427932656,1.2865257206734384
2024-09-06 13:50:00,211.5,209.96347427932656,1.5365257206734384
2024-09-06 14:00:00,210.29999542236328,209.96347427932656,0.33652114303671965
2024-09-06 14:10:00,211.25,209.96347427932656,1.2865257206734384
2024-09-06 14:20:00,211.3499984741211,209.96347427932656,1.3865241947945321
2024-09-06 14:30:00,210.75,209.96347427932656,0.7865257206734384
2024-09-06 14:40:00,211.3000030517578,209.96347427932656,1.336528772431251
2024-09-06 14:50:00,212.25,209.96347427932656,2.2865257206734384
2024-09-06 15:00:00,212.9000015258789,209.96347427932656,2.9365272465523446
2024-09-06 15:10:00,210.6500015258789,209.96347427932656,0.6865272465523446
2024-09-06 15:20:00,209.3499984741211,209.96347427932656,-0.6134758052054679
2024-09-06 15:30:00,210.1500015258789,209.96347427932656,0.18652724655234465
2024-09-06 15:40:00,212.5,209.96347427932656,2.5365257206734384
2024-09-06 15:50:00,211.1500015258789,209.96347427932656,1.1865272465523446
2024-09-06 16:00:00,209.9000015258789,209.96347427932656,-0.06347275344765535
2024-09-06 16:10:00,208.5500030517578,209.96347427932656,-1.413471227568749
2024-09-06 16:20:00,209.1000061035156,209.96347427932656,-0.863468175810965
2024-09-06 16:30:00,210.0,209.96347427932656,0.0365257206734384
2024-09-06 16:40:00,211.6500015258789,209.96347427932656,1.6865272465523446
2024-09-06 16:50:00,212.8000030517578,209.96347427932656,2.836528772431251
2024-09-06 17:00:00,211.3499984741211,209.96347427932656,1.3865241947945321
2024-09-06 17:10:00,209.0999984741211,209.96347427932656,-0.8634758052054679
2024-09-06 17:20:00,208.0,209.96347427932656,-1.9634742793265616
2024-09-06 17:30:00,207.8000030517578,209.96347427932656,-2.163471227568749
2024-09-06 17:40:00,208.79999542236328,209.96347427932656,-1.1634788569632804
2024-09-06 17:50:00,210.0999984741211,209.96347427932656,0.13652419479453215
2024-09-06 18:00:00,209.9000015258789,209.96347427932656,-0.06347275344765535
2024-09-06 18:10:00,211.45000457763672,209.96347427932656,1.4865302983101571
2024-09-06 18:20:00,212.8499984741211,209.96347427932656,2.886524194794532
2024-09-06 18:30:00,212.8499984741211,209.96347427932656,2.886524194794532
2024-09-06 18:40:00,212.8000030517578,209.96347427932656,2.836528772431251
2024-09-06 18:50:00,212.4499969482422,209.96347427932656,2.486522668915626
2024-09-06 19:00:00,211.9000015258789,209.96347427932656,1.9365272465523446
2024-09-06 19:10:00,210.8000030517578,209.96347427932656,0.8365287724312509
2024-09-06 19:20:00,208.9000015258789,209.96347427932656,-1.0634727534476554
2024-09-06 19:30:00,208.5999984741211,209.96347427932656,-1.3634758052054679
2024-09-06 19:40:00,210.4499969482422,209.96347427932656,0.4865226689156259
2024-09-06 19:50:00,211.1999969482422,209.96347427932656,1.236522668915626
2024-09-06 20:00:00,215.1499938964844,209.96347427932656,5.186519617157842
2024-09-06 20:10:00,215.5999984741211,209.96347427932656,5.636524194794532
2024-09-06 20:20:00,214.0500030517578,209.96347427932656,4.086528772431251
2024-09-06 20:30:00,212.5999984741211,209.96347427932656,2.636524194794532
2024-09-06 20:40:00,212.5500030517578,209.96347427932656,2.586528772431251
2024-09-06 20:50:00,212.25,209.96347427932656,2.2865257206734384
2024-09-06 21:00:00,213.8499984741211,209.96347427932656,3.886524194794532
2024-09-06 21:10:00,212.3000030517578,209.96347427932656,2.336528772431251
2024-09-06 21:20:00,211.1500015258789,209.96347427932656,1.1865272465523446
2024-09-06 21:30:00,210.8000030517578,209.96347427932656,0.8365287724312509
2024-09-06 21:40:00,211.5,209.96347427932656,1.5365257206734384
2024-09-06 21:50:00,211.6499938964844,209.96347427932656,1.6865196171578418
2024-09-06 22:00:00,211.25,209.96347427932656,1.2865257206734384
2024-09-06 22:10:00,211.4000015258789,209.96347427932656,1.4365272465523446
2024-09-06 22:20:00,211.6500015258789,209.96347427932656,1.6865272465523446
2024-09-06 22:30:00,213.0,209.96347427932656,3.0365257206734384
2024-09-06 22:40:00,213.6500015258789,209.96347427932656,3.6865272465523446
2024-09-06 22:50:00,213.8499984741211,209.96347427932656,3.886524194794532
2024-09-06 23:00:00,214.0500030517578,209.96347427932656,4.086528772431251
2024-09-06 23:10:00,214.6999969482422,209.96347427932656,4.736522668915626
2024-09-06 23:20:00,216.29999542236328,209.96347427932656,6.33652114303672
2024-09-06 23:30:00,216.75,209.96347427932656,6.786525720673438
2024-09-06 23:40:00,215.0,209.96347427932656,5.036525720673438
2024-09-06 23:50:00,213.9000015258789,209.96347427932656,3.9365272465523446
2024-09-07 00:00:00,213.75,209.96347427932656,3.7865257206734384
2024-09-07 00:10:00,214.4000015258789,209.96347427932656,4.436527246552345
2024-09-07 00:20:00,215.3499984741211,209.96347427932656,5.386524194794532
2024-09-07 00:30:00,216.1000061035156,209.96347427932656,6.136531824189035
2024-09-07 00:40:00,216.3500061035156,209.96347427932656,6.386531824189035
2024-09-07 00:50:00,215.6999969482422,209.96347427932656,5.736522668915626
2024-09-07 01:00:00,214.3499984741211,209.96347427932656,4.386524194794532
2024-09-07 01:10:00,213.5,209.96347427932656,3.5365257206734384
2024-09-07 01:20:00,212.1500015258789,209.96347427932656,2.1865272465523446
2024-09-07 01:30:00,211.9499969482422,209.96347427932656,1.986522668915626
2024-09-07 01:40:00,211.5999984741211,209.96347427932656,1.6365241947945321
2024-09-07 01:50:00,212.4499969482422,209.96347427932656,2.486522668915626
2024-09-07 02:00:00,213.1000061035156,209.96347427932656,3.136531824189035
2024-09-07 02:10:00,213.0999984741211,209.96347427932656,3.136524194794532
2024-09-07 02:20:00,213.75,209.96347427932656,3.7865257206734384
2024-09-07 02:30:00,215.0,209.96347427932656,5.036525720673438
2024-09-07 02:40:00,214.4499969482422,209.96347427932656,4.486522668915626
2024-09-07 02:50:00,213.25,209.96347427932656,3.2865257206734384
2024-09-07 03:00:00,213.4499969482422,209.96347427932656,3.486522668915626
2024-09-07 03:10:00,212.3499984741211,209.96347427932656,2.386524194794532
2024-09-07 03:20:00,211.1500015258789,209.96347427932656,1.1865272465523446
2024-09-07 03:30:00,211.1500015258789,209.96347427932656,1.1865272465523446
2024-09-07 03:40:00,211.8499984741211,209.96347427932656,1.8865241947945321
2024-09-07 03:50:00,212.5500030517578,209.96347427932656,2.586528772431251
2024-09-07 04:00:00,211.25,209.96347427932656,1.2865257206734384
2024-09-07 04:10:00,209.75,209.96347427932656,-0.2134742793265616
2024-09-07 04:20:00,210.4499969482422,209.96347427932656,0.4865226689156259
2024-09-07 04:30:00,210.3000030517578,209.96347427932656,0.3365287724312509
2024-09-07 04:40:00,210.3000030517578,209.96347427932656,0.3365287724312509
2024-09-07 04:50:00,211.1500015258789,209.96347427932656,1.1865272465523446
2024-09-07 05:00:00,210.79999542236328,209.96347427932656,0.8365211430367196
2024-09-07 05:10:00,209.6999969482422,209.96347427932656,-0.2634773310843741
2024-09-07 05:20:00,210.20000457763672,209.96347427932656,0.23653029831015715
2024-09-07 05:30:00,211.6000061035156,209.96347427932656,1.636531824189035
2024-09-07 05:40:00,211.5,209.96347427932656,1.5365257206734384
2024-09-07 05:50:00,211.75,209.96347427932656,1.7865257206734384
2024-09-07 06:00:00,211.1500015258789,209.96347427932656,1.1865272465523446
2024-09-07 06:10:00,211.5999984741211,209.96347427932656,1.6365241947945321
2024-09-07 06:20:00,211.5999984741211,209.96347427932656,1.6365241947945321
2024-09-07 06:30:00,209.8000030517578,209.96347427932656,-0.1634712275687491
2024-09-07 06:40:00,208.4499969482422,209.96347427932656,-1.513477331084374
2024-09-07 06:50:00,207.8499984741211,209.96347427932656,-2.113475805205468
2024-09-07 07:00:00,207.3000030517578,209.96347427932656,-2.663471227568749
2024-09-07 07:10:00,206.9499969482422,209.96347427932656,-3.013477331084374
2024-09-07 07:20:00,206.1999969482422,209.96347427932656,-3.763477331084374
2024-09-07 07:30:00,206.25,209.96347427932656,-3.7134742793265616
2024-09-07 07:40:00,206.54999542236328,209.96347427932656,-3.4134788569632804
2024-09-07 07:50:00,206.54999542236328,209.96347427932656,-3.4134788569632804
2024-09-07 08:00:00,206.0,209.96347427932656,-3.9634742793265616
2024-09-07 08:10:00,206.3499984741211,209.96347427932656,-3.613475805205468
2024-09-07 08:20:00,208.1500015258789,209.96347427932656,-1.8134727534476554
2024-09-07 08:30:00,208.5999984741211,209.96347427932656,-1.3634758052054679
2024-09-07 08:40:00,210.75,209.96347427932656,0.7865257206734384
2024-09-07 08:50:00,211.1000061035156,209.96347427932656,1.136531824189035
2024-09-07 09:00:00,209.5,209.96347427932656,-0.4634742793265616
2024-09-07 09:10:00,209.75,209.96347427932656,-0.2134742793265616
2024-09-07 09:20:00,208.9499969482422,209.96347427932656,-1.013477331084374
2024-09-07 09:30:00,208.6999969482422,209.96347427932656,-1.263477331084374
2024-09-07 09:40:00,209.54999542236328,209.96347427932656,-0.41347885696328035
2024-09-07 09:50:00,210.25,209.96347427932656,0.2865257206734384
2024-09-07 10:00:00,209.6500015258789,209.96347427932656,-0.31347275344765535
2024-09-07 10:10:00,209.1999969482422,209.96347427932656,-0.7634773310843741
2024-09-07 10:20:00,209.0999984741211,209.96347427932656,-0.8634758052054679
2024-09-07 10:30:00,209.25,209.96347427932656,-0.7134742793265616
2024-09-07 10:40:00,209.5999984741211,209.96347427932656,-0.36347580520546785
2024-09-07 10:50:00,210.5999984741211,209.96347427932656,0.6365241947945321
2024-09-07 11:00:00,209.0500030517578,209.96347427932656,-0.9134712275687491
2024-09-07 11:10:00,209.5,209.96347427932656,-0.4634742793265616
2024-09-07 11:20:00,211.0999984741211,209.96347427932656,1.1365241947945321
2024-09-07 11:30:00,212.1999969482422,209.96347427932656,2.236522668915626
2024-09-07 11:40:00,213.5999984741211,209.96347427932656,3.636524194794532
2024-09-07 11:50:00,213.0,209.96347427932656,3.0365257206734384
2024-09-07 12:00:00,212.5500030517578,209.96347427932656,2.586528772431251
2024-09-07 12:10:00,213.4000015258789,209.96347427932656,3.4365272465523446
2024-09-07 12:20:00,212.9499969482422,209.96347427932656,2.986522668915626
2024-09-07 12:30:00,212.8499984741211,209.96347427932656,2.886524194794532
2024-09-07 12:40:00,212.95000457763672,209.96347427932656,2.986530298310157
2024-09-07 12:50:00,212.8499984741211,209.96347427932656,2.886524194794532
2024-09-07 13:00:00,211.5,209.96347427932656,1.5365257206734384
2024-09-07 13:10:00,211.04999542236328,209.96347427932656,1.0865211430367196
2024-09-07 13:20:00,212.0,209.96347427932656,2.0365257206734384
2024-09-07 13:30:00,212.3499984741211,209.96347427932656,2.386524194794532
2024-09-07 13:40:00,210.4000015258789,209.96347427932656,0.43652724655234465
2024-09-07 13:50:00,210.3000030517578,209.96347427932656,0.3365287724312509
2024-09-07 14:00:00,209.04999542236328,209.96347427932656,-0.9134788569632804
2024-09-07 14:10:00,209.0,209.96347427932656,-0.9634742793265616
2024-09-07 14:20:00,209.4000015258789,209.96347427932656,-0.5634727534476554
2024-09-07 14:30:00,210.0,209.96347427932656,0.0365257206734384
2024-09-07 14:40:00,208.5500030517578,209.96347427932656,-1.413471227568749
2024-09-07 14:50:00,208.1000061035156,209.96347427932656,-1.863468175810965
2024-09-07 15:00:00,211.45000457763672,209.96347427932656,1.4865302983101571
2024-09-07 15:10:00,214.9000015258789,209.96347427932656,4.936527246552345
2024-09-07 15:20:00,213.54999542236328,209.96347427932656,3.5865211430367196
2024-09-07 15:30:00,213.0500030517578,209.96347427932656,3.086528772431251
2024-09-07 15:40:00,213.5999984741211,209.96347427932656,3.636524194794532
2024-09-07 15:50:00,212.29999542236328,209.96347427932656,2.3365211430367196
2024-09-07 16:00:00,209.29999542236328,209.96347427932656,-0.6634788569632804
2024-09-07 16:10:00,208.0999984741211,209.96347427932656,-1.8634758052054679
2024-09-07 16:20:00,208.3499984741211,209.96347427932656,-1.6134758052054679
2024-09-07 16:30:00,209.45000457763672,209.96347427932656,-0.5134697016898429
2024-09-07 16:40:00,209.5,209.96347427932656,-0.4634742793265616
2024-09-07 16:50:00,208.1500015258789,209.96347427932656,-1.8134727534476554
2024-09-07 17:00:00,207.9499969482422,209.96347427932656,-2.013477331084374
2024-09-07 17:10:00,209.3499984741211,209.96347427932656,-0.6134758052054679
2024-09-07 17:20:00,205.75,209.96347427932656,-4.213474279326562
2024-09-07 17:30:00,202.5,209.96347427932656,-7.463474279326562
2024-09-07 17:40:00,212.9499969482422,209.96347427932656,2.986522668915626
2024-09-07 17:50:00,212.9499969482422,209.96347427932656,2.986522668915626
2024-09-07 18:00:00,212.9499969482422,209.96347427932656,2.986522668915626
2024-09-07 18:10:00,204.45000457763672,209.96347427932656,-5.513469701689843
2024-09-07 18:20:00,206.45000457763672,209.96347427932656,-3.513469701689843
2024-09-07 18:30:00,207.79999542236328,209.96347427932656,-2.1634788569632804
2024-09-07 18:40:00,209.4000015258789,209.96347427932656,-0.5634727534476554
2024-09-07 18:50:00,211.0,209.96347427932656,1.0365257206734384
2024-09-07 19:00:00,211.9499969482422,209.96347427932656,1.986522668915626
2024-09-07 19:10:00,210.1500015258789,209.96347427932656,0.18652724655234465
2024-09-07 19:20:00,210.25,209.96347427932656,0.2865257206734384
2024-09-07 19:30:00,211.04999542236328,209.96347427932656,1.0865211430367196
2024-09-07 19:40:00,211.1999969482422,209.96347427932656,1.236522668915626
2024-09-07 19:50:00,210.75,209.96347427932656,0.7865257206734384
2024-09-07 20:00:00,212.04999542236328,209.96347427932656,2.0865211430367196
2024-09-07 20:10:00,213.3000030517578,209.96347427932656,3.336528772431251
2024-09-07 20:20:00,214.45000457763672,209.96347427932656,4.486530298310157
2024-09-07 20:30:00,214.9499969482422,209.96347427932656,4.986522668915626
2024-09-07 20:40:00,214.75,209.96347427932656,4.786525720673438
2024-09-07 20:50:00,215.5,209.96347427932656,5.536525720673438
2024-09-07 21:00:00,215.3499984741211,209.96347427932656,5.386524194794532
2024-09-07 21:10:00,215.1500015258789,209.96347427932656,5.186527246552345
2024-09-07 21:20:00,214.5999984741211,209.96347427932656,4.636524194794532
2024-09-07 21:30:00,214.8499984741211,209.96347427932656,4.886524194794532
2024-09-07 21:40:00,215.5,209.96347427932656,5.536525720673438
2024-09-07 21:50:00,211.6499938964844,209.96347427932656,1.6865196171578418
2024-09-07 22:00:00,210.20000457763672,209.96347427932656,0.23653029831015715
2024-09-07 22:10:00,210.9000015258789,209.96347427932656,0.9365272465523446
2024-09-07 22:20:00,210.0,209.96347427932656,0.0365257206734384
2024-09-07 22:30:00,210.0999984741211,209.96347427932656,0.13652419479453215
2024-09-07 22:40:00,210.5999984741211,209.96347427932656,0.6365241947945321
2024-09-07 22:50:00,209.8499984741211,209.96347427932656,-0.11347580520546785
2024-09-07 23:00:00,209.1999969482422,209.96347427932656,-0.7634773310843741
2024-09-07 23:10:00,207.3000030517578,209.96347427932656,-2.663471227568749
2024-09-07 23:20:00,205.9000015258789,209.96347427932656,-4.063472753447655
2024-09-07 23:30:00,206.3000030517578,209.96347427932656,-3.663471227568749
2024-09-07 23:40:00,205.8499984741211,209.96347427932656,-4.113475805205468
2024-09-07 23:50:00,206.29999542236328,209.96347427932656,-3.6634788569632804
2024-09-08 00:00:00,208.25,209.96347427932656,-1.7134742793265616
2024-09-08 00:10:00,208.0,209.96347427932656,-1.9634742793265616
2024-09-08 00:20:00,209.5,209.96347427932656,-0.4634742793265616
2024-09-08 00:30:00,209.95000457763672,209.96347427932656,-0.01346970168984285
2024-09-08 00:40:00,211.54999542236328,209.96347427932656,1.5865211430367196
2024-09-08 00:50:00,211.8499984741211,209.96347427932656,1.8865241947945321
2024-09-08 01:00:00,212.8499984741211,209.96347427932656,2.886524194794532
2024-09-08 01:10:00,213.0,209.96347427932656,3.0365257206734384
2024-09-08 01:20:00,213.5999984741211,209.96347427932656,3.636524194794532
2024-09-08 01:30:00,212.95000457763672,209.96347427932656,2.986530298310157
2024-09-08 01:40:00,213.5,209.96347427932656,3.5365257206734384
2024-09-08 01:50:00,211.4000015258789,209.96347427932656,1.4365272465523446
2024-09-08 02:00:00,211.0,209.96347427932656,1.0365257206734384
2024-09-08 02:10:00,210.75,209.96347427932656,0.7865257206734384
2024-09-08 02:20:00,210.9499969482422,209.96347427932656,0.9865226689156259
2024-09-08 02:30:00,211.9499969482422,209.96347427932656,1.986522668915626
2024-09-08 02:40:00,209.6500015258789,209.96347427932656,-0.31347275344765535
2024-09-08 02:50:00,209.3499984741211,209.96347427932656,-0.6134758052054679
2024-09-08 03:00:00,209.5999984741211,209.96347427932656,-0.36347580520546785
2024-09-08 03:10:00,210.4499969482422,209.96347427932656,0.4865226689156259
2024-09-08 03:20:00,210.0500030517578,209.96347427932656,0.0865287724312509
2024-09-08 03:30:00,208.9000015258789,209.96347427932656,-1.0634727534476554
2024-09-08 03:40:00,207.9499969482422,209.96347427932656,-2.013477331084374
2024-09-08 03:50:00,207.0500030517578,209.96347427932656,-2.913471227568749
2024-09-08 04:00:00,206.5999984741211,209.96347427932656,-3.363475805205468
2024-09-08 04:10:00,205.9499969482422,209.96347427932656,-4.013477331084374
2024-09-08 04:20:00,205.4499969482422,209.96347427932656,-4.513477331084374
2024-09-08 04:30:00,207.8499984741211,209.96347427932656,-2.113475805205468
2024-09-08 04:40:00,210.25,209.96347427932656,0.2865257206734384
2024-09-08 04:50:00,210.54999542236328,209.96347427932656,0.5865211430367196
2024-09-08 05:00:00,214.1500015258789,209.96347427932656,4.186527246552345
2024-09-08 05:10:00,215.6500015258789,209.96347427932656,5.686527246552345
2024-09-08 05:20:00,214.8499984741211,209.96347427932656,4.886524194794532
2024-09-08 05:30:00,213.0999984741211,209.96347427932656,3.136524194794532
2024-09-08 05:40:00,211.54999542236328,209.96347427932656,1.5865211430367196
2024-09-08 05:50:00,211.4000015258789,209.96347427932656,1.4365272465523446
2024-09-08 06:00:00,212.9000015258789,209.96347427932656,2.9365272465523446
2024-09-08 06:10:00,211.8499984741211,209.96347427932656,1.8865241947945321
2024-09-08 06:20:00,210.5999984741211,209.96347427932656,0.6365241947945321
2024-09-08 06:30:00,209.75,209.96347427932656,-0.2134742793265616
2024-09-08 06:40:00,209.5,209.96347427932656,-0.4634742793265616
2024-09-08 06:50:00,210.5500030517578,209.96347427932656,0.5865287724312509
2024-09-08 07:00:00,211.0500030517578,209.96347427932656,1.086528772431251
2024-09-08 07:10:00,212.5999984741211,209.96347427932656,2.636524194794532
2024-09-08 07:20:00,209.9499969482422,209.96347427932656,-0.0134773310843741
2024-09-08 07:30:00,207.8499984741211,209.96347427932656,-2.113475805205468
2024-09-08 07:40:00,208.5,209.96347427932656,-1.4634742793265616
2024-09-08 07:50:00,208.25,209.96347427932656,-1.7134742793265616
2024-09-08 08:00:00,209.0999984741211,209.96347427932656,-0.8634758052054679
2024-09-08 08:10:00,208.0999984741211,209.96347427932656,-1.8634758052054679
2024-09-08 08:20:00,206.1999969482422,209.96347427932656,-3.763477331084374
2024-09-08 08:30:00,208.25,209.96347427932656,-1.7134742793265616
2024-09-08 08:40:00,210.3500061035156,209.96347427932656,0.386531824189035
2024-09-08 08:50:00,210.25,209.96347427932656,0.2865257206734384
2024-09-08 09:00:00,210.6999969482422,209.96347427932656,0.7365226689156259
2024-09-08 09:10:00,211.1500015258789,209.96347427932656,1.1865272465523446
2024-09-08 09:20:00,210.20000457763672,209.96347427932656,0.23653029831015715
2024-09-08 09:30:00,208.79999542236328,209.96347427932656,-1.1634788569632804
2024-09-08 09:40:00,207.8000030517578,209.96347427932656,-2.163471227568749
2024-09-08 09:50:00,207.5500030517578,209.96347427932656,-2.413471227568749
2024-09-08 10:00:00,206.9499969482422,209.96347427932656,-3.013477331084374
2024-09-08 10:10:00,207.6000061035156,209.96347427932656,-2.363468175810965
2024-09-08 10:20:00,207.8000030517578,209.96347427932656,-2.163471227568749
2024-09-08 10:30:00,205.6500015258789,209.96347427932656,-4.313472753447655
2024-09-08 10:40:00,206.3499984741211,209.96347427932656,-3.613475805205468
2024-09-08 10:50:00,205.9000015258789,209.96347427932656,-4.063472753447655
2024-09-08 11:00:00,206.0,209.96347427932656,-3.9634742793265616
2024-09-08 11:10:00,206.25,209.96347427932656,-3.7134742793265616
2024-09-08 11:20:00,205.0999984741211,209.96347427932656,-4.863475805205468
2024-09-08 11:30:00,204.54999542236328,209.96347427932656,-5.41347885696328
2024-09-08 11:40:00,203.9499969482422,209.96347427932656,-6.013477331084374
2024-09-08 11:50:00,204.6500015258789,209.96347427932656,-5.313472753447655
2024-09-08 12:00:00,207.9000015258789,209.96347427932656,-2.0634727534476554
2024-09-08 12:10:00,209.8500061035156,209.96347427932656,-0.11346817581096502
2024-09-08 12:20:00,210.5,209.96347427932656,0.5365257206734384
2024-09-08 12:30:00,210.75,209.96347427932656,0.7865257206734384
2024-09-08 12:40:00,210.3499984741211,209.96347427932656,0.38652419479453215
2024-09-08 12:50:00,208.6500015258789,209.96347427932656,-1.3134727534476554
2024-09-08 13:00:00,207.0999984741211,209.96347427932656,-2.863475805205468
2024-09-08 13:10:00,207.8499984741211,209.96347427932656,-2.113475805205468
2024-09-08 13:20:00,211.5999984741211,209.96347427932656,1.6365241947945321
2024-09-08 13:30:00,211.25,209.96347427932656,1.2865257206734384
2024-09-08 13:40:00,211.1999969482422,209.96347427932656,1.236522668915626
2024-09-08 13:50:00,211.5999984741211,209.96347427932656,1.6365241947945321
2024-09-08 14:00:00,212.1999969482422,209.96347427932656,2.236522668915626
2024-09-08 14:10:00,209.8000030517578,209.96347427932656,-0.1634712275687491
2024-09-08 14:20:00,209.6500015258789,209.96347427932656,-0.31347275344765535
2024-09-08 14:30:00,211.1000061035156,209.96347427932656,1.136531824189035
2024-09-08 14:40:00,210.4000015258789,209.96347427932656,0.43652724655234465
2024-09-08 14:50:00,210.5999984741211,209.96347427932656,0.6365241947945321
2024-09-08 15:00:00,209.25,209.96347427932656,-0.7134742793265616
2024-09-08 15:10:00,208.8499984741211,209.96347427932656,-1.1134758052054679
2024-09-08 15:20:00,209.4000015258789,209.96347427932656,-0.5634727534476554
2024-09-08 15:30:00,210.1999969482422,209.96347427932656,0.2365226689156259
2024-09-08 15:40:00,209.4499969482422,209.96347427932656,-0.5134773310843741
2024-09-08 15:50:00,209.6500015258789,209.96347427932656,-0.31347275344765535
2024-09-08 16:00:00,208.75,209.96347427932656,-1.2134742793265616
2024-09-08 16:10:00,208.3499984741211,209.96347427932656,-1.6134758052054679
2024-09-08 16:20:00,208.8000030517578,209.96347427932656,-1.163471227568749
2024-09-08 16:30:00,209.0999984741211,209.96347427932656,-0.8634758052054679
2024-09-08 16:40:00,209.3499984741211,209.96347427932656,-0.6134758052054679
2024-09-08 16:50:00,209.5,209.96347427932656,-0.4634742793265616
2024-09-08 17:00:00,209.4499969482422,209.96347427932656,-0.5134773310843741
2024-09-08 17:10:00,210.3499984741211,209.96347427932656,0.38652419479453215
2024-09-08 17:20:00,211.29999542236328,209.96347427932656,1.3365211430367196
2024-09-08 17:30:00,210.20000457763672,209.96347427932656,0.23653029831015715
2024-09-08 17:40:00,209.0500030517578,209.96347427932656,-0.9134712275687491
2024-09-08 17:50:00,209.5,209.96347427932656,-0.4634742793265616
2024-09-08 18:00:00,209.75,209.96347427932656,-0.2134742793265616
2024-09-08 18:10:00,208.8999938964844,209.96347427932656,-1.0634803828421582
2024-09-08 18:20:00,208.04999542236328,209.96347427932656,-1.9134788569632804
2024-09-08 18:30:00,207.1500015258789,209.96347427932656,-2.8134727534476554
2024-09-08 18:40:00,207.3000030517578,209.96347427932656,-2.663471227568749
2024-09-08 18:50:00,207.5500030517578,209.96347427932656,-2.413471227568749
2024-09-08 19:00:00,206.75,209.96347427932656,-3.2134742793265616
2024-09-08 19:10:00,206.6499938964844,209.96347427932656,-3.313480382842158
2024-09-08 19:20:00,207.4499969482422,209.96347427932656,-2.513477331084374
2024-09-08 19:30:00,206.25,209.96347427932656,-3.7134742793265616
2024-09-08 19:40:00,207.3499984741211,209.96347427932656,-2.613475805205468
2024-09-08 19:50:00,209.29999542236328,209.96347427932656,-0.6634788569632804
2024-09-08 20:00:00,206.6500015258789,209.96347427932656,-3.3134727534476554
2024-09-08 20:10:00,204.5999984741211,209.96347427932656,-5.363475805205468
2024-09-08 20:20:00,203.25,209.96347427932656,-6.713474279326562
2024-09-08 20:30:00,203.45000457763672,209.96347427932656,-6.513469701689843
2024-09-08 20:40:00,203.1000061035156,209.96347427932656,-6.863468175810965
2024-09-08 20:50:00,202.04999542236328,209.96347427932656,-7.91347885696328
2024-09-08 21:00:00,212.9499969482422,209.96347427932656,2.986522668915626
2024-09-08 21:10:00,212.9499969482422,209.96347427932656,2.986522668915626
2024-09-08 21:20:00,212.9499969482422,209.96347427932656,2.986522668915626
2024-09-08 21:30:00,212.9499969482422,209.96347427932656,2.986522668915626
2024-09-08 21:40:00,212.9499969482422,209.96347427932656,2.986522668915626
2024-09-08 21:50:00,212.9499969482422,209.96347427932656,2.986522668915626
2024-09-08 22:00:00,212.9499969482422,209.96347427932656,2.986522668915626
2024-09-08 22:10:00,212.9499969482422,209.96347427932656,2.986522668915626
2024-09-08 22:20:00,212.9499969482422,209.96347427932656,2.986522668915626
2024-09-08 22:30:00,212.9499969482422,209.96347427932656,2.986522668915626
2024-09-08 22:40:00,212.9499969482422,209.96347427932656,2.986522668915626
2024-09-08 22:50:00,212.9499969482422,209.96347427932656,2.986522668915626
2024-09-08 23:00:00,202.5500030517578,209.96347427932656,-7.413471227568749
2024-09-08 23:10:00,204.8500061035156,209.96347427932656,-5.113468175810965
2024-09-08 23:20:00,207.8000030517578,209.96347427932656,-2.163471227568749
2024-09-08 23:30:00,211.1500015258789,209.96347427932656,1.1865272465523446
2024-09-08 23:40:00,212.6999969482422,209.96347427932656,2.736522668915626
2024-09-08 23:50:00,214.9000015258789,209.96347427932656,4.936527246552345
2024-09-09 00:00:00,215.45000457763672,209.96347427932656,5.486530298310157
2024-09-09 00:10:00,216.1500015258789,209.96347427932656,6.186527246552345
2024-09-09 00:20:00,215.0500030517578,209.96347427932656,5.086528772431251
2024-09-09 00:30:00,214.3499984741211,209.96347427932656,4.386524194794532
2024-09-09 00:40:00,213.6999969482422,209.96347427932656,3.736522668915626
2024-09-09 00:50:00,213.1000061035156,209.96347427932656,3.136531824189035
2024-09-09 01:00:00,212.0999984741211,209.96347427932656,2.136524194794532
2024-09-09 01:10:00,210.75,209.96347427932656,0.7865257206734384
2024-09-09 01:20:00,211.5,209.96347427932656,1.5365257206734384
2024-09-09 01:30:00,211.0500030517578,209.96347427932656,1.086528772431251
2024-09-09 01:40:00,209.0,209.96347427932656,-0.9634742793265616
2024-09-09 01:50:00,210.04999542236328,209.96347427932656,0.08652114303671965
2024-09-09 02:00:00,209.4499969482422,209.96347427932656,-0.5134773310843741
2024-09-09 02:10:00,209.6000061035156,209.96347427932656,-0.363468175810965
2024-09-09 02:20:00,209.3499984741211,209.96347427932656,-0.6134758052054679
2024-09-09 02:30:00,210.4000015258789,209.96347427932656,0.43652724655234465
2024-09-09 02:40:00,212.5999984741211,209.96347427932656,2.636524194794532
2024-09-09 02:50:00,212.8499984741211,209.96347427932656,2.886524194794532
2024-09-09 03:00:00,213.1999969482422,209.96347427932656,3.236522668915626
2024-09-09 03:10:00,213.5999984741211,209.96347427932656,3.636524194794532
2024-09-09 03:20:00,213.3000030517578,209.96347427932656,3.336528772431251
2024-09-09 03:30:00,213.04999542236328,209.96347427932656,3.0865211430367196
2024-09-09 03:40:00,213.9499969482422,209.96347427932656,3.986522668915626
2024-09-09 03:50:00,214.5,209.96347427932656,4.536525720673438
2024-09-09 04:00:00,214.4000015258789,209.96347427932656,4.436527246552345
2024-09-09 04:10:00,214.4000015258789,209.96347427932656,4.436527246552345
2024-09-09 04:20:00,214.20000457763672,209.96347427932656,4.236530298310157
2024-09-09 04:30:00,213.9000015258789,209.96347427932656,3.9365272465523446
2024-09-09 04:40:00,212.75,209.96347427932656,2.7865257206734384
2024-09-09 04:50:00,212.3000030517578,209.96347427932656,2.336528772431251
2024-09-09 05:00:00,211.4000015258789,209.96347427932656,1.4365272465523446
2024-09-09 05:10:00,211.3999938964844,209.96347427932656,1.4365196171578418
2024-09-09 05:20:00,210.95000457763672,209.96347427932656,0.9865302983101571
2024-09-09 05:30:00,210.70000457763672,209.96347427932656,0.7365302983101571
2024-09-09 05:40:00,210.4000015258789,209.96347427932656,0.43652724655234465
2024-09-09 05:50:00,212.5500030517578,209.96347427932656,2.586528772431251
2024-09-09 06:00:00,211.25,209.96347427932656,1.2865257206734384
2024-09-09 06:10:00,209.70000457763672,209.96347427932656,-0.26346970168984285
2024-09-09 06:20:00,210.25,209.96347427932656,0.2865257206734384
2024-09-09 06:30:00,210.6500015258789,209.96347427932656,0.6865272465523446
2024-09-09 06:40:00,211.3499984741211,209.96347427932656,1.3865241947945321
2024-09-09 06:50:00,212.54999542236328,209.96347427932656,2.5865211430367196
2024-09-09 07:00:00,213.79999542236328,209.96347427932656,3.8365211430367196
2024-09-09 07:10:00,213.79999542236328,209.96347427932656,3.8365211430367196
2024-09-09 07:20:00,214.8499984741211,209.96347427932656,4.886524194794532
2024-09-09 07:30:00,212.0500030517578,209.96347427932656,2.086528772431251
2024-09-09 07:40:00,210.1500015258789,209.96347427932656,0.18652724655234465
2024-09-09 07:50:00,209.5500030517578,209.96347427932656,-0.4134712275687491
2024-09-09 08:00:00,208.9000015258789,209.96347427932656,-1.0634727534476554
2024-09-09 08:10:00,207.25,209.96347427932656,-2.7134742793265616
2024-09-09 08:20:00,205.6000061035156,209.96347427932656,-4.363468175810965
2024-09-09 08:30:00,205.8499984741211,209.96347427932656,-4.113475805205468
2024-09-09 08:40:00,206.0,209.96347427932656,-3.9634742793265616
2024-09-09 08:50:00,206.1999969482422,209.96347427932656,-3.763477331084374
2024-09-09 09:00:00,207.3499984741211,209.96347427932656,-2.613475805205468
2024-09-09 09:10:00,209.5500030517578,209.96347427932656,-0.4134712275687491
2024-09-09 09:20:00,211.0999984741211,209.96347427932656,1.1365241947945321
2024-09-09 09:30:00,214.0500030517578,209.96347427932656,4.086528772431251
2024-09-09 09:40:00,215.5500030517578,209.96347427932656,5.586528772431251
2024-09-09 09:50:00,215.79999542236328,209.96347427932656,5.83652114303672
2024-09-09 10:00:00,214.4499969482422,209.96347427932656,4.486522668915626
2024-09-09 10:10:00,212.0,209.96347427932656,2.0365257206734384
2024-09-09 10:20:00,211.9499969482422,209.96347427932656,1.986522668915626
2024-09-09 10:30:00,212.9000015258789,209.96347427932656,2.9365272465523446
2024-09-09 10:40:00,210.8499984741211,209.96347427932656,0.8865241947945321
2024-09-09 10:50:00,208.8000030517578,209.96347427932656,-1.163471227568749
2024-09-09 11:00:00,207.8000030517578,209.96347427932656,-2.163471227568749
2024-09-09 11:10:00,207.1999969482422,209.96347427932656,-2.763477331084374
2024-09-09 11:20:00,207.1999969482422,209.96347427932656,-2.763477331084374
2024-09-09 11:30:00,209.1499938964844,209.96347427932656,-0.8134803828421582
2024-09-09 11:40:00,209.4499969482422,209.96347427932656,-0.5134773310843741
2024-09-09 11:50:00,208.9499969482422,209.96347427932656,-1.013477331084374
2024-09-09 12:00:00,208.70000457763672,209.96347427932656,-1.2634697016898429
2024-09-09 12:10:00,209.3499984741211,209.96347427932656,-0.6134758052054679
2024-09-09 12:20:00,209.6500015258789,209.96347427932656,-0.31347275344765535
2024-09-09 12:30:00,209.0500030517578,209.96347427932656,-0.9134712275687491
2024-09-09 12:40:00,209.0999984741211,209.96347427932656,-0.8634758052054679
2024-09-09 12:50:00,208.95000457763672,209.96347427932656,-1.0134697016898429
2024-09-09 13:00:00,217.25,209.96347427932656,7.286525720673438
2024-09-09 13:10:00,223.6999969482422,209.96347427932656,13.736522668915626
2024-09-09 13:20:00,212.9499969482422,209.96347427932656,2.986522668915626
2024-09-09 13:30:00,212.9499969482422,209.96347427932656,2.986522668915626
2024-09-09 13:40:00,212.9499969482422,209.96347427932656,2.986522668915626
2024-09-09 13:50:00,212.9499969482422,209.96347427932656,2.986522668915626
2024-09-09 14:00:00,212.9499969482422,209.96347427932656,2.986522668915626
2024-09-09 14:10:00,212.9499969482422,209.96347427932656,2.986522668915626
2024-09-09 14:20:00,212.9499969482422,209.96347427932656,2.986522668915626
2024-09-09 14:30:00,212.9499969482422,209.96347427932656,2.986522668915626
2024-09-09 14:40:00,212.9499969482422,209.96347427932656,2.986522668915626
2024-09-09 14:50:00,212.9499969482422,209.96347427932656,2.986522668915626
2024-09-09 15:00:00,212.9499969482422,209.96347427932656,2.986522668915626
2024-09-09 15:10:00,212.9499969482422,209.96347427932656,2.986522668915626
2024-09-09 15:20:00,212.9499969482422,209.96347427932656,2.986522668915626
2024-09-09 15:30:00,212.9499969482422,209.96347427932656,2.986522668915626
2024-09-09 15:40:00,212.9499969482422,209.96347427932656,2.986522668915626
2024-09-09 15:50:00,212.9499969482422,209.96347427932656,2.986522668915626
2024-09-09 16:00:00,212.9499969482422,209.96347427932656,2.986522668915626
2024-09-09 16:10:00,212.9499969482422,209.96347427932656,2.986522668915626
2024-09-09 16:20:00,221.4499969482422,209.96347427932656,11.486522668915626
2024-09-09 16:30:00,218.5500030517578,209.96347427932656,8.586528772431251
2024-09-09 16:40:00,215.75,209.96347427932656,5.786525720673438
2024-09-09 16:50:00,213.0500030517578,209.96347427932656,3.086528772431251
2024-09-09 17:00:00,210.3499984741211,209.96347427932656,0.38652419479453215
2024-09-09 17:10:00,207.8000030517578,209.96347427932656,-2.163471227568749
2024-09-09 17:20:00,205.3000030517578,209.96347427932656,-4.663471227568749
2024-09-09 17:30:00,202.6999969482422,209.96347427932656,-7.263477331084374
2024-09-09 17:40:00,212.9499969482422,209.96347427932656,2.986522668915626
2024-09-09 17:50:00,212.9499969482422,209.96347427932656,2.986522668915626
2024-09-09 18:00:00,212.9499969482422,209.96347427932656,2.986522668915626
2024-09-09 18:10:00,212.9499969482422,209.96347427932656,2.986522668915626
2024-09-09 18:20:00,212.9499969482422,209.96347427932656,2.986522668915626
2024-09-09 18:30:00,212.9499969482422,209.96347427932656,2.986522668915626
2024-09-09 18:40:00,212.9499969482422,209.96347427932656,2.986522668915626
2024-09-09 18:50:00,212.9499969482422,209.96347427932656,2.986522668915626
2024-09-09 19:00:00,212.9499969482422,209.96347427932656,2.986522668915626
2024-09-09 19:10:00,212.9499969482422,209.96347427932656,2.986522668915626
2024-09-09 19:20:00,212.9499969482422,209.96347427932656,2.986522668915626
2024-09-09 19:30:00,212.9499969482422,209.96347427932656,2.986522668915626
2024-09-09 19:40:00,212.9499969482422,209.96347427932656,2.986522668915626
2024-09-09 19:50:00,212.9499969482422,209.96347427932656,2.986522668915626
2024-09-09 20:00:00,212.9499969482422,209.96347427932656,2.986522668915626
2024-09-09 20:10:00,212.9499969482422,209.96347427932656,2.986522668915626
2024-09-09 20:20:00,212.9499969482422,209.96347427932656,2.986522668915626
2024-09-09 20:30:00,212.9499969482422,209.96347427932656,2.986522668915626
2024-09-09 20:40:00,212.9499969482422,209.96347427932656,2.986522668915626
2024-09-09 20:50:00,212.9499969482422,209.96347427932656,2.986522668915626
2024-09-09 21:00:00,212.9499969482422,209.96347427932656,2.986522668915626
2024-09-09 21:10:00,212.9499969482422,209.96347427932656,2.986522668915626
2024-09-09 21:20:00,212.9499969482422,209.96347427932656,2.986522668915626
2024-09-09 21:30:00,212.9499969482422,209.96347427932656,2.986522668915626
2024-09-09 21:40:00,212.9499969482422,209.96347427932656,2.986522668915626
2024-09-09 21:50:00,212.9499969482422,209.96347427932656,2.986522668915626
2024-09-09 22:00:00,212.9499969482422,209.96347427932656,2.986522668915626
2024-09-09 22:10:00,212.9499969482422,209.96347427932656,2.986522668915626
2024-09-09 22:20:00,212.9499969482422,209.96347427932656,2.986522668915626
2024-09-09 22:30:00,212.9499969482422,209.96347427932656,2.986522668915626
2024-09-09 22:40:00,212.9499969482422,209.96347427932656,2.986522668915626
2024-09-09 22:50:00,212.9499969482422,209.96347427932656,2.986522668915626
2024-09-09 23:00:00,212.9499969482422,209.96347427932656,2.986522668915626
2024-09-09 23:10:00,212.9499969482422,209.96347427932656,2.986522668915626
2024-09-09 23:20:00,212.9499969482422,209.96347427932656,2.986522668915626
2024-09-09 23:30:00,212.9499969482422,209.96347427932656,2.986522668915626
2024-09-09 23:40:00,212.9499969482422,209.96347427932656,2.986522668915626
2024-09-09 23:50:00,212.9499969482422,209.96347427932656,2.986522668915626
2024-09-10 00:00:00,212.9499969482422,209.96347427932656,2.986522668915626
2024-09-10 00:10:00,212.9499969482422,209.96347427932656,2.986522668915626
2024-09-10 00:20:00,212.9499969482422,209.96347427932656,2.986522668915626
2024-09-10 00:30:00,212.9499969482422,209.96347427932656,2.986522668915626
2024-09-10 00:40:00,212.9499969482422,209.96347427932656,2.986522668915626
2024-09-10 00:50:00,212.9499969482422,209.96347427932656,2.986522668915626
2024-09-10 01:00:00,212.9499969482422,209.96347427932656,2.986522668915626
2024-09-10 01:10:00,212.9499969482422,209.96347427932656,2.986522668915626
2024-09-10 01:20:00,212.9499969482422,209.96347427932656,2.986522668915626
2024-09-10 01:30:00,212.9499969482422,209.96347427932656,2.986522668915626
2024-09-10 01:40:00,212.9499969482422,209.96347427932656,2.986522668915626
2024-09-10 01:50:00,212.9499969482422,209.96347427932656,2.986522668915626
2024-09-10 02:00:00,212.9499969482422,209.96347427932656,2.986522668915626
2024-09-10 02:10:00,212.9499969482422,209.96347427932656,2.986522668915626
2024-09-10 02:20:00,212.9499969482422,209.96347427932656,2.986522668915626
2024-09-10 02:30:00,212.9499969482422,209.96347427932656,2.986522668915626
2024-09-10 02:40:00,212.9499969482422,209.96347427932656,2.986522668915626
2024-09-10 02:50:00,212.9499969482422,209.96347427932656,2.986522668915626
2024-09-10 03:00:00,212.9499969482422,209.96347427932656,2.986522668915626
2024-09-10 03:10:00,212.9499969482422,209.96347427932656,2.986522668915626
2024-09-10 03:20:00,212.9499969482422,209.96347427932656,2.986522668915626
2024-09-10 03:30:00,212.9499969482422,209.96347427932656,2.986522668915626
2024-09-10 03:40:00,212.9499969482422,209.96347427932656,2.986522668915626
2024-09-10 03:50:00,212.9499969482422,209.96347427932656,2.986522668915626
2024-09-10 04:00:00,212.9499969482422,209.96347427932656,2.986522668915626
2024-09-10 04:10:00,212.9499969482422,209.96347427932656,2.986522668915626
2024-09-10 04:20:00,212.9499969482422,209.96347427932656,2.986522668915626
2024-09-10 04:30:00,212.9499969482422,209.96347427932656,2.986522668915626
2024-09-10 04:40:00,212.9499969482422,209.96347427932656,2.986522668915626
2024-09-10 04:50:00,212.9499969482422,209.96347427932656,2.986522668915626
2024-09-10 05:00:00,212.9499969482422,209.96347427932656,2.986522668915626
2024-09-10 05:10:00,212.9499969482422,209.96347427932656,2.986522668915626
2024-09-10 05:20:00,212.9499969482422,209.96347427932656,2.986522668915626
2024-09-10 05:30:00,212.9499969482422,209.96347427932656,2.986522668915626
2024-09-10 05:40:00,212.9499969482422,209.96347427932656,2.986522668915626
2024-09-10 05:50:00,212.9499969482422,209.96347427932656,2.986522668915626
2024-09-10 06:00:00,212.9499969482422,209.96347427932656,2.986522668915626
2024-09-10 06:10:00,212.9499969482422,209.96347427932656,2.986522668915626
2024-09-10 06:20:00,212.9499969482422,209.96347427932656,2.986522668915626
2024-09-10 06:30:00,212.9499969482422,209.96347427932656,2.986522668915626
